file,segment,fft_n,record,nominal_elapsed_s,selected,valid,bb_hz,dticks,peak,y1,y2,y3,den
test1/10323406.txt,1,2048,1,0,False,False,0.0,895562,0,0,0,0,0
test1/10323406.txt,1,2048,2,1.0048,False,False,0.0,10048,0,0,0,0,0
test1/10323406.txt,1,2048,3,2.0096,False,False,0.0,10048,0,0,0,0,0
test1/10323406.txt,1,2048,4,3.0143999999999997,False,False,0.0,10048,0,0,0,0,0
test1/10323406.txt,1,2048,5,4.0192,False,False,0.0,10048,0,0,0,0,0
test1/10323406.txt,1,2048,6,5.023999999999999,False,False,0.0,10048,0,0,0,0,0
test1/10323406.txt,1,2048,7,6.028799999999999,False,False,0.0,10048,0,0,0,0,0
test1/10323406.txt,1,2048,8,7.033599999999998,True,True,1001.251,10048,205,65050,364429,125489,-538319
test1/10323406.txt,1,2048,9,8.038399999999998,True,True,1001.241,10048,205,65026,367060,124020,-545074
test1/10323406.txt,1,2048,10,9.043199999999997,True,True,1001.247,10048,205,64660,366889,124901,-544217
test1/10323406.txt,1,2048,11,10.047999999999996,True,True,1001.249,10048,205,65540,365476,125753,-539659
test1/10323406.txt,1,2048,12,11.052799999999996,True,True,1001.25,10048,205,64441,366250,125273,-542786
test1/10323406.txt,1,2048,13,12.057599999999995,True,True,1001.246,10048,205,65025,366752,125033,-543446
test1/10323406.txt,1,2048,14,13.062399999999995,True,True,1001.252,10048,205,65050,364754,125802,-538656
test1/10323406.txt,1,2048,15,14.067199999999994,True,True,1001.244,10048,205,64756,366418,124297,-543783
test1/10323406.txt,1,2048,16,15.071999999999994,True,True,1001.244,10048,205,65897,368132,125513,-544854
test1/10323406.txt,1,2048,17,16.076799999999995,True,True,1001.248,10048,205,65025,366937,125541,-543308
test1/10323406.txt,1,2048,18,17.081599999999995,True,True,1001.246,10048,205,65314,366752,125234,-542956
test1/10323406.txt,1,2048,19,18.086399999999994,True,True,1001.253,10048,205,64720,366329,126004,-541934
test1/10323406.txt,1,2048,20,19.091199999999994,True,True,1001.247,10048,205,64829,366785,125056,-543685
test1/10323406.txt,1,2048,21,20.095999999999993,True,True,1001.241,10048,205,65314,367380,124457,-544989
test1/10323406.txt,1,2048,22,21.100799999999992,True,True,1001.251,10048,205,65305,366061,126157,-540660
test1/10323406.txt,1,2048,23,22.105599999999992,True,True,1001.248,10048,205,65353,366032,125522,-541189
test1/10323406.txt,1,2048,24,23.11039999999999,True,True,1001.238,10048,205,65122,366922,123604,-545118
test1/10323406.txt,1,2048,25,24.11519999999999,True,True,1001.248,10048,205,64649,367754,125245,-545614
test1/10323406.txt,1,2048,26,25.11999999999999,True,True,1001.246,10048,205,65777,367573,125693,-543676
test1/10323406.txt,1,2048,27,26.12479999999999,True,True,1001.244,10048,205,65732,365972,125009,-541203
test1/10323406.txt,1,2048,28,27.12959999999999,True,True,1001.248,10048,205,64898,365713,125065,-541463
test1/10323406.txt,1,2048,29,28.13439999999999,True,True,1001.243,10048,205,65889,366370,125000,-541851
test1/10323406.txt,1,2048,30,29.139199999999988,True,True,1001.25,10048,205,65060,367810,126001,-544559
test1/10323406.txt,1,2048,31,30.143999999999988,True,True,1001.247,10048,205,65761,366185,125716,-540893
test1/10323406.txt,1,2048,32,31.148799999999987,True,True,1001.252,10048,205,65161,364537,125946,-537967
test1/10323406.txt,1,2048,33,32.15359999999999,True,True,1001.249,10048,205,65682,364754,125802,-538024
test1/10323406.txt,1,2048,34,33.15839999999999,True,True,1001.244,10048,205,65561,365668,124933,-540842
test1/10323406.txt,1,2048,35,34.163199999999996,True,True,1001.256,10048,205,64616,368073,127045,-544485
test1/10323406.txt,1,2048,36,35.168,True,True,1001.242,10048,205,65117,367760,124505,-545898
test1/10323406.txt,1,2048,37,36.1728,True,True,1001.251,10048,205,65213,366112,126034,-540977
test1/10323406.txt,1,2048,38,37.177600000000005,True,True,1001.247,10048,205,65545,366561,125617,-541960
test1/10323406.txt,1,2048,39,38.18240000000001,True,True,1001.247,10048,205,65012,363905,124648,-538150
test1/10323406.txt,1,2048,40,39.18720000000001,True,True,1001.244,10048,205,65825,366497,125185,-541984
test1/10323406.txt,1,2048,41,40.192000000000014,True,True,1001.244,10048,205,65738,363808,124650,-537228
test1/10323406.txt,1,2048,42,41.19680000000002,True,True,1001.244,10048,205,65524,366400,125018,-542258
test1/10323406.txt,1,2048,43,42.20160000000002,True,True,1001.24,10048,205,66041,368185,124857,-545472
test1/10323406.txt,1,2048,44,43.20640000000002,True,True,1001.243,10048,205,65169,364393,124160,-539457
test1/10323406.txt,1,2048,45,44.21120000000003,True,True,1001.247,10048,205,65290,366372,125450,-542004
test1/10323406.txt,1,2048,46,45.21600000000003,True,True,1001.245,10048,205,65201,366241,124909,-542372
test1/10323406.txt,1,2048,47,46.22080000000003,True,True,1001.247,10048,205,65041,365509,125066,-540911
test1/10323406.txt,1,2048,48,47.225600000000036,True,True,1001.242,10048,205,65353,366813,124468,-543805
test1/10323406.txt,1,2048,49,48.23040000000004,True,True,1001.25,10048,205,65000,366292,125728,-541856
test1/10323406.txt,1,2048,50,49.23520000000004,True,True,1001.248,10048,205,64881,364162,124745,-538698
test1/10323406.txt,1,2048,51,50.240000000000045,True,True,1001.246,10048,205,65234,365785,125033,-541303
test1/10323406.txt,1,2048,52,51.24480000000005,True,True,1001.243,10048,205,65557,364624,124525,-539166
test1/10323406.txt,1,2048,53,52.24960000000005,True,True,1001.242,10048,205,65425,367120,124688,-544127
test1/10323406.txt,1,2048,54,53.254400000000054,True,True,1001.251,10048,205,64564,366290,125504,-542512
test1/10323406.txt,1,2048,55,54.25920000000006,True,True,1001.254,10048,205,65185,365693,126565,-539636
test1/10323406.txt,1,2048,56,55.26400000000006,True,True,1001.247,10048,205,65225,364832,124946,-539493
test1/10323406.txt,1,2048,57,56.26880000000006,True,True,1001.249,10048,205,65125,365300,125485,-539990
test1/10323406.txt,1,2048,58,57.273600000000066,True,True,1001.254,10048,205,64805,364048,125892,-537399
test1/10323406.txt,1,2048,59,58.27840000000007,True,True,1001.243,10048,205,65378,366480,124705,-542877
test1/10323406.txt,1,2048,60,59.28320000000007,True,True,1001.251,10048,205,64717,367277,125840,-543997
test1/10323406.txt,1,2048,61,60.288000000000075,True,True,1001.242,10048,205,65025,365058,123913,-541178
test1/10323406.txt,1,2048,62,61.29280000000008,True,True,1001.246,10048,205,65309,366089,125045,-541824
test1/10323406.txt,1,2048,63,62.29760000000008,True,True,1001.254,10048,205,64994,366665,126481,-541855
test1/10323406.txt,1,2048,64,63.302400000000084,True,True,1001.244,10048,205,64826,366050,124337,-542937
test1/10323406.txt,1,2048,65,64.30720000000008,True,True,1001.236,10048,205,66265,367625,124249,-544736
test1/10323406.txt,1,2048,66,65.31200000000008,True,True,1001.241,10048,205,66065,367952,124993,-544846
test1/10323406.txt,1,2048,67,66.31680000000009,True,True,1001.253,10048,205,64985,366692,126410,-541989
test1/10323406.txt,1,2048,68,67.32160000000009,True,True,1001.252,10048,205,64872,364225,125645,-537933
test1/10323406.txt,1,2048,69,68.32640000000009,True,True,1001.249,10048,205,65105,366041,125540,-541437
test1/10323406.txt,1,2048,70,69.3312000000001,True,True,1001.245,10048,205,66113,365072,125397,-538634
test1/10323406.txt,1,2048,71,70.3360000000001,True,True,1001.248,10048,205,64489,367585,125245,-545436
test1/10323406.txt,1,2048,72,71.3408000000001,True,True,1001.245,10048,205,64532,368177,124802,-547020
test1/10323406.txt,1,2048,73,72.3456000000001,True,True,1001.246,10048,205,65105,366277,125065,-542384
test1/10323406.txt,1,2048,74,73.3504000000001,True,True,1001.246,10048,205,64873,367225,124901,-544676
test1/10323406.txt,1,2048,75,74.35520000000011,True,True,1001.248,10048,205,65026,365524,125109,-540913
test1/10323406.txt,1,2048,76,75.36000000000011,True,True,1001.251,10048,205,64969,366581,126032,-542161
test1/10323406.txt,1,2048,77,76.36480000000012,True,True,1001.244,10048,205,64936,366397,124394,-543464
test1/10323406.txt,1,2048,78,77.36960000000012,True,True,1001.243,10048,205,65365,365392,124381,-541038
test1/10323406.txt,1,2048,79,78.37440000000012,True,True,1001.25,10048,205,64685,366125,125425,-542140
test1/10323406.txt,1,2048,80,79.37920000000013,True,True,1001.246,10048,205,65437,367748,125456,-544603
test1/10323406.txt,1,2048,81,80.38400000000013,True,True,1001.253,10048,205,64585,365306,125765,-540262
test1/10323406.txt,1,2048,82,81.38880000000013,True,True,1001.248,10048,205,65005,365810,125141,-541474
test1/10323406.txt,1,2048,83,82.39360000000013,True,True,1001.246,10048,205,65545,366106,125332,-541335
test1/10323406.txt,1,2048,84,83.39840000000014,True,True,1001.246,10048,205,64996,366197,124865,-542533
test1/10323406.txt,1,2048,85,84.40320000000014,True,True,1001.251,10048,205,64420,367625,125648,-545182
test1/10323406.txt,1,2048,86,85.40800000000014,True,True,1001.245,10048,205,65509,365393,124945,-540332
test1/10323406.txt,1,2048,87,86.41280000000015,True,True,1001.246,10048,205,64660,366400,124616,-543524
test1/10323406.txt,1,2048,88,87.41760000000015,True,True,1001.247,10048,205,64985,366521,125060,-542997
test1/10323406.txt,1,2048,89,88.42240000000015,True,True,1001.246,10048,205,65680,366601,125450,-542072
test1/10323406.txt,1,2048,90,89.42720000000016,True,True,1001.25,10048,205,65168,366129,125890,-541200
test1/10323406.txt,1,2048,91,90.43200000000016,True,True,1001.249,10048,205,64978,368244,125905,-545605
test1/10323406.txt,1,2048,92,91.43680000000016,True,True,1001.252,10048,205,64793,364624,125585,-538870
test1/10323406.txt,1,2048,93,92.44160000000016,True,True,1001.244,10048,205,64985,365137,124240,-541049
test1/10323406.txt,1,2048,94,93.44640000000017,True,True,1001.246,10048,205,65381,367520,125392,-544267
test1/10323406.txt,1,2048,95,94.45120000000017,True,True,1001.241,10048,205,65402,365881,124117,-542243
test1/10323406.txt,1,2048,96,95.45600000000017,True,True,1001.245,10048,205,65536,363613,124609,-537081
test1/10323406.txt,1,2048,97,96.46080000000018,True,True,1001.237,10048,205,65881,365300,123617,-541102
test1/10323406.txt,1,2048,98,97.46560000000018,True,True,1001.245,10048,205,65042,367025,124921,-544087
test1/10323406.txt,1,2048,99,98.47040000000018,True,True,1001.244,10048,205,65476,365696,124865,-541051
test1/10323406.txt,1,2048,100,99.47520000000019,True,True,1001.241,10048,205,65986,367588,124882,-544308
test1/10323406.txt,1,2048,101,100.48000000000019,True,True,1001.245,10048,205,63625,367060,123850,-546645
test1/10323407.txt,1,2048,1,0,False,True,1001.253,254567,205,64706,366340,126068,-541906
test1/10323407.txt,1,2048,2,1.0048,False,True,1001.256,10048,205,65416,364968,127025,-537495
test1/10323407.txt,1,2048,3,2.0096,False,True,1001.241,10048,205,65601,365625,124210,-541439
test1/10323407.txt,1,2048,4,3.0143999999999997,False,True,1001.245,10048,205,64970,365776,124525,-542057
test1/10323407.txt,1,2048,5,4.0192,False,True,1001.252,10048,205,65025,366881,126193,-542544
test1/10323407.txt,1,2048,6,5.023999999999999,False,True,1001.249,10048,205,65138,366340,125648,-541894
test1/10323407.txt,1,2048,7,6.028799999999999,False,True,1001.242,10048,205,65633,365949,124525,-541740
test1/10323407.txt,1,2048,8,7.033599999999998,True,True,1000.758,10048,205,119332,367610,70181,-545707
test1/10323407.txt,1,2048,9,8.038399999999998,True,True,1000.758,10048,205,119465,369793,69890,-550231
test1/10323407.txt,1,2048,10,9.043199999999997,True,True,1000.748,10048,205,120105,366593,68965,-544116
test1/10323407.txt,1,2048,11,10.047999999999996,True,True,1000.754,10048,205,119561,368660,69320,-548439
test1/10323407.txt,1,2048,12,11.052799999999996,True,True,1000.752,10048,205,119717,368465,69178,-548035
test1/10323407.txt,1,2048,13,12.057599999999995,True,True,1000.749,10048,205,119936,366242,69145,-543403
test1/10323407.txt,1,2048,14,13.062399999999995,True,True,1000.755,10048,205,119345,370145,69136,-551809
test1/10323407.txt,1,2048,15,14.067199999999994,True,True,1000.757,10048,205,119045,369476,69397,-550510
test1/10323407.txt,1,2048,16,15.071999999999994,True,True,1000.749,10048,205,119873,368378,68465,-548418
test1/10323407.txt,1,2048,17,16.076799999999995,True,True,1000.755,10048,205,119560,367625,69776,-545914
test1/10323407.txt,1,2048,18,17.081599999999995,True,True,1000.756,10048,205,119473,367613,69833,-545920
test1/10323407.txt,1,2048,19,18.086399999999994,True,True,1000.754,10048,205,119585,369832,69194,-550885
test1/10323407.txt,1,2048,20,19.091199999999994,True,True,1000.75,10048,205,119689,367249,68765,-546044
test1/10323407.txt,1,2048,21,20.095999999999993,True,True,1000.756,10048,205,119242,366260,69866,-543412
test1/10323407.txt,1,2048,22,21.100799999999992,True,True,1000.758,10048,205,118889,368306,69620,-548103
test1/10323407.txt,1,2048,23,22.105599999999992,True,True,1000.753,10048,205,119860,369130,69473,-548927
test1/10323407.txt,1,2048,24,23.11039999999999,True,True,1000.756,10048,205,119125,368545,69250,-548715
test1/10323407.txt,1,2048,25,24.11519999999999,True,True,1000.757,10048,205,118781,367225,69417,-546252
test1/10323407.txt,1,2048,26,25.11999999999999,True,True,1000.759,10048,205,119169,370064,69777,-551182
test1/10323407.txt,1,2048,27,26.12479999999999,True,True,1000.753,10048,205,119650,367120,69610,-544980
test1/10323407.txt,1,2048,28,27.12959999999999,True,True,1000.75,10048,205,119696,366794,68868,-545024
test1/10323407.txt,1,2048,29,28.13439999999999,True,True,1000.76,10048,205,118241,369245,69242,-551007
test1/10323407.txt,1,2048,30,29.139199999999988,True,True,1000.752,10048,205,119349,366736,69106,-545017
test1/10323407.txt,1,2048,31,30.143999999999988,True,True,1000.759,10048,205,118561,368645,69341,-549388
test1/10323407.txt,1,2048,32,31.148799999999987,True,True,1000.747,10048,205,120170,367658,68660,-546486
test1/10323407.txt,1,2048,33,32.15359999999999,True,True,1000.752,10048,205,119410,367336,69001,-546261
test1/10323407.txt,1,2048,34,33.15839999999999,True,True,1000.753,10048,205,119925,367520,69829,-545286
test1/10323407.txt,1,2048,35,34.163199999999996,True,True,1000.755,10048,205,119362,368645,69457,-548471
test1/10323407.txt,1,2048,36,35.168,True,True,1000.754,10048,205,119501,368516,69284,-548247
test1/10323407.txt,1,2048,37,36.1728,True,True,1000.755,10048,205,119620,367533,69865,-545581
test1/10323407.txt,1,2048,38,37.177600000000005,True,True,1000.753,10048,205,120025,368308,69785,-546806
test1/10323407.txt,1,2048,39,38.18240000000001,True,True,1000.755,10048,205,119444,369485,69290,-550236
test1/10323407.txt,1,2048,40,39.18720000000001,True,True,1000.754,10048,205,119601,367961,69493,-546828
test1/10323407.txt,1,2048,41,40.192000000000014,True,True,1000.756,10048,205,119169,366509,69760,-544089
test1/10323407.txt,1,2048,42,41.19680000000002,True,True,1000.753,10048,205,119365,367569,69121,-546652
test1/10323407.txt,1,2048,43,42.20160000000002,True,True,1000.756,10048,205,119300,367673,69649,-546397
test1/10323407.txt,1,2048,44,43.20640000000002,True,True,1000.761,10048,205,118813,368145,70225,-547252
test1/10323407.txt,1,2048,45,44.21120000000003,True,True,1000.75,10048,205,120445,367805,69625,-545540
test1/10323407.txt,1,2048,46,45.21600000000003,True,True,1000.756,10048,205,119242,368261,69425,-547855
test1/10323407.txt,1,2048,47,46.22080000000003,True,True,1000.75,10048,205,120130,366925,69433,-544287
test1/10323407.txt,1,2048,48,47.225600000000036,True,True,1000.758,10048,205,119090,368210,69956,-547374
test1/10323407.txt,1,2048,49,48.23040000000004,True,True,1000.758,10048,205,119050,368784,69700,-548818
test1/10323407.txt,1,2048,50,49.23520000000004,True,True,1000.753,10048,205,119197,366112,69220,-543807
test1/10323407.txt,1,2048,51,50.240000000000045,True,True,1000.753,10048,205,119285,367450,68965,-546650
test1/10323407.txt,1,2048,52,51.24480000000005,True,True,1000.757,10048,205,118820,367138,69556,-545900
test1/10323407.txt,1,2048,53,52.24960000000005,True,True,1000.755,10048,205,118672,368153,68672,-548962
test1/10323407.txt,1,2048,54,53.254400000000054,True,True,1000.755,10048,205,119093,368233,69021,-548352
test1/10323407.txt,1,2048,55,54.25920000000006,True,True,1000.753,10048,205,119717,367236,69696,-545059
test1/10323407.txt,1,2048,56,55.26400000000006,True,True,1000.757,10048,205,119705,367705,70480,-545225
test1/10323407.txt,1,2048,57,56.26880000000006,True,True,1000.759,10048,205,118753,368290,69700,-548127
test1/10323407.txt,1,2048,58,57.273600000000066,True,True,1000.755,10048,205,119905,368261,70057,-546560
test1/10323407.txt,1,2048,59,58.27840000000007,True,True,1000.757,10048,205,119961,369729,70402,-549095
test1/10323407.txt,1,2048,60,59.28320000000007,True,True,1000.755,10048,205,119300,369625,69121,-550829
test1/10323407.txt,1,2048,61,60.288000000000075,True,True,1000.755,10048,205,119725,369224,69700,-549023
test1/10323407.txt,1,2048,62,61.29280000000008,True,True,1000.745,10048,205,120100,367369,68105,-546533
test1/10323407.txt,1,2048,63,62.29760000000008,True,True,1000.754,10048,205,119425,368325,69301,-547924
test1/10323407.txt,1,2048,64,63.302400000000084,True,True,1000.758,10048,205,119233,366912,70304,-544287
test1/10323407.txt,1,2048,65,64.30720000000008,True,True,1000.752,10048,205,119557,367844,68930,-547201
test1/10323407.txt,1,2048,66,65.31200000000008,True,True,1000.756,10048,205,119060,369889,69050,-551668
test1/10323407.txt,1,2048,67,66.31680000000009,True,True,1000.756,10048,205,119300,367732,69786,-546378
test1/10323407.txt,1,2048,68,67.32160000000009,True,True,1000.759,10048,205,118201,368649,68969,-550128
test1/10323407.txt,1,2048,69,68.32640000000009,True,True,1000.754,10048,205,119281,367861,69269,-547172
test1/10323407.txt,1,2048,70,69.3312000000001,True,True,1000.756,10048,205,119425,367625,69985,-545840
test1/10323407.txt,1,2048,71,70.3360000000001,True,True,1000.755,10048,205,119200,367434,69385,-546283
test1/10323407.txt,1,2048,72,71.3408000000001,True,True,1000.753,10048,205,120105,368789,69785,-547688
test1/10323407.txt,1,2048,73,72.3456000000001,True,True,1000.749,10048,205,120089,367889,68968,-546721
test1/10323407.txt,1,2048,74,73.3504000000001,True,True,1000.75,10048,205,120033,367810,69029,-546558
test1/10323407.txt,1,2048,75,74.35520000000011,True,True,1000.755,10048,205,119524,367817,69760,-546350
test1/10323407.txt,1,2048,76,75.36000000000011,True,True,1000.754,10048,205,119065,368737,68692,-549717
test1/10323407.txt,1,2048,77,76.36480000000012,True,True,1000.753,10048,205,119314,368065,69001,-547815
test1/10323407.txt,1,2048,78,77.36960000000012,True,True,1000.757,10048,205,119050,368530,69394,-548616
test1/10323407.txt,1,2048,79,78.37440000000012,True,True,1000.756,10048,205,119584,368330,70061,-547015
test1/10323407.txt,1,2048,80,79.37920000000013,True,True,1000.756,10048,205,119456,366736,70074,-543942
test1/10323407.txt,1,2048,81,80.38400000000013,True,True,1000.756,10048,205,119057,366925,69588,-545205
test1/10323407.txt,1,2048,82,81.38880000000013,True,True,1000.751,10048,205,119277,366292,68868,-544439
test1/10323407.txt,1,2048,83,82.39360000000013,True,True,1000.758,10048,205,119236,369940,69610,-551034
test1/10323407.txt,1,2048,84,83.39840000000014,True,True,1000.762,10048,205,118400,369953,69745,-551761
test1/10323407.txt,1,2048,85,84.40320000000014,True,True,1000.75,10048,205,119953,367925,68896,-547001
test1/10323407.txt,1,2048,86,85.40800000000014,True,True,1000.751,10048,205,119952,368825,69121,-548577
test1/10323407.txt,1,2048,87,86.41280000000015,True,True,1000.751,10048,205,120025,367025,69473,-544552
test1/10323407.txt,1,2048,88,87.41760000000015,True,True,1000.752,10048,205,120130,367749,69620,-545748
test1/10323407.txt,1,2048,89,88.42240000000015,True,True,1000.759,10048,205,118378,365300,69914,-542308
test1/10323407.txt,1,2048,90,89.42720000000016,True,True,1000.758,10048,205,118589,368100,69200,-548411
test1/10323408.txt,1,2048,1,0,False,True,1000.759,277276,205,119125,368705,70160,-548125
test1/10323408.txt,1,2048,2,1.0048,False,True,1000.756,10048,205,119120,366853,69776,-544810
test1/10323408.txt,1,2048,3,2.0096,False,True,1000.751,10048,205,119522,366721,68938,-544982
test1/10323408.txt,1,2048,4,3.0143999999999997,False,True,1000.75,10048,205,120105,368308,69129,-547382
test1/10323408.txt,1,2048,5,4.0192,False,True,1000.759,10048,205,119425,368180,70480,-546455
test1/10323408.txt,1,2048,6,5.023999999999999,False,True,1000.754,10048,205,119825,368672,69785,-547734
test1/10323408.txt,1,2048,7,6.028799999999999,False,True,1000.754,10048,205,119165,369188,68857,-550354
test1/10323408.txt,1,2048,8,7.033599999999998,True,True,1000.123,10048,205,188721,333882,32330,-446713
test1/10323408.txt,1,2048,9,8.038399999999998,True,True,1000.119,10048,205,188500,332977,31905,-445549
test1/10323408.txt,1,2048,10,9.043199999999997,True,True,1000.115,10048,205,189365,333625,31652,-446233
test1/10323408.txt,1,2048,11,10.047999999999996,True,True,1000.123,10048,205,188240,333721,31450,-447752
test1/10323408.txt,1,2048,12,11.052799999999996,True,True,1000.122,10048,205,188450,333625,31828,-446972
test1/10323408.txt,1,2048,13,12.057599999999995,True,True,1000.117,10048,205,189317,333457,32521,-445076
test1/10323408.txt,1,2048,14,13.062399999999995,True,True,1000.115,10048,205,189461,333472,32069,-445414
test1/10323408.txt,1,2048,15,14.067199999999994,True,True,1000.117,10048,205,188861,332809,32068,-444689
test1/10323408.txt,1,2048,16,15.071999999999994,True,True,1000.126,10048,205,188162,333877,32045,-447547
test1/10323408.txt,1,2048,17,16.076799999999995,True,True,1000.122,10048,205,188721,334322,31545,-448378
test1/10323408.txt,1,2048,18,17.081599999999995,True,True,1000.123,10048,205,188516,333769,32009,-447013
test1/10323408.txt,1,2048,19,18.086399999999994,True,True,1000.108,10048,205,189953,333437,31265,-445656
test1/10323408.txt,1,2048,20,19.091199999999994,True,True,1000.111,10048,205,189029,331442,32170,-441685
test1/10323408.txt,1,2048,21,20.095999999999993,True,True,1000.107,10048,205,189946,332800,31705,-443949
test1/10323408.txt,1,2048,22,21.100799999999992,True,True,1000.123,10048,205,189554,335620,32272,-449414
test1/10323408.txt,1,2048,23,22.105599999999992,True,True,1000.116,10048,205,188797,332676,31805,-444750
test1/10323408.txt,1,2048,24,23.11039999999999,True,True,1000.12,10048,205,189089,334480,31618,-448253
test1/10323408.txt,1,2048,25,24.11519999999999,True,True,1000.132,10048,205,187645,334340,32125,-448910
test1/10323408.txt,1,2048,26,25.11999999999999,True,True,1000.121,10048,205,188330,332665,32245,-444755
test1/10323408.txt,1,2048,27,26.12479999999999,True,True,1000.117,10048,205,189025,333101,32125,-445052
test1/10323408.txt,1,2048,28,27.12959999999999,True,True,1000.113,10048,205,189584,333185,32202,-444584
test1/10323408.txt,1,2048,29,28.13439999999999,True,True,1000.121,10048,205,188105,333266,31268,-447159
test1/10323408.txt,1,2048,30,29.139199999999988,True,True,1000.121,10048,205,188953,334237,31925,-447596
test1/10323408.txt,1,2048,31,30.143999999999988,True,True,1000.124,10048,205,188960,334889,32000,-448818
test1/10323408.txt,1,2048,32,31.148799999999987,True,True,1000.128,10048,205,188240,334890,31810,-449730
test1/10323408.txt,1,2048,33,32.15359999999999,True,True,1000.117,10048,205,189666,333761,32708,-445148
test1/10323408.txt,1,2048,34,33.15839999999999,True,True,1000.138,10048,205,187633,335641,32449,-451200
test1/10323408.txt,1,2048,35,34.163199999999996,True,True,1000.142,10048,205,187301,336132,32441,-452522
test1/10323408.txt,1,2048,36,35.168,True,True,1000.118,10048,205,189562,334385,32045,-447163
test1/10323408.txt,1,2048,37,36.1728,True,True,1000.126,10048,205,188442,334553,31986,-448678
test1/10323408.txt,1,2048,38,37.177600000000005,True,True,1000.123,10048,205,188884,334637,31826,-448564
test1/10323408.txt,1,2048,39,38.18240000000001,True,True,1000.118,10048,205,189509,334186,32317,-446546
test1/10323408.txt,1,2048,40,39.18720000000001,True,True,1000.113,10048,205,189010,332098,32089,-443097
test1/10323408.txt,1,2048,41,40.192000000000014,True,True,1000.122,10048,205,188644,334084,31705,-447819
test1/10323408.txt,1,2048,42,41.19680000000002,True,True,1000.117,10048,205,189092,333988,31376,-447508
test1/10323408.txt,1,2048,43,42.20160000000002,True,True,1000.122,10048,205,188354,333265,32050,-446126
test1/10323408.txt,1,2048,44,43.20640000000002,True,True,1000.117,10048,205,188397,331682,32525,-442442
test1/10323408.txt,1,2048,45,44.21120000000003,True,True,1000.133,10048,205,187498,334109,32409,-448311
test1/10323408.txt,1,2048,46,45.21600000000003,True,True,1000.12,10048,205,188500,333113,31905,-445821
test1/10323408.txt,1,2048,47,46.22080000000003,True,True,1000.113,10048,205,189124,332516,31888,-444020
test1/10323408.txt,1,2048,48,47.225600000000036,True,True,1000.111,10048,205,189577,332845,31898,-444215
test1/10323408.txt,1,2048,49,48.23040000000004,True,True,1000.123,10048,205,188245,333890,31417,-448118
test1/10323408.txt,1,2048,50,49.23520000000004,True,True,1000.132,10048,205,187585,333853,32458,-447663
test1/10323408.txt,1,2048,51,50.240000000000045,True,True,1000.131,10048,205,187673,334610,31681,-449866
test1/10323408.txt,1,2048,52,51.24480000000005,True,True,1000.121,10048,205,188978,334244,32017,-447493
test1/10323408.txt,1,2048,53,52.24960000000005,True,True,1000.118,10048,205,188585,332845,31753,-445352
test1/10323408.txt,1,2048,54,53.254400000000054,True,True,1000.119,10048,205,188885,333625,31985,-446380
test1/10323408.txt,1,2048,55,54.25920000000006,True,True,1000.119,10048,205,189125,334258,31601,-447790
test1/10323408.txt,1,2048,56,55.26400000000006,True,True,1000.116,10048,205,190121,335290,31684,-448775
test1/10323408.txt,1,2048,57,56.26880000000006,True,True,1000.111,10048,205,189524,332644,32005,-443759
test1/10323408.txt,1,2048,58,57.273600000000066,True,True,1000.124,10048,205,188296,333604,31945,-446967
test1/10323408.txt,1,2048,59,58.27840000000007,True,True,1000.122,10048,205,188225,332401,32653,-443924
test1/10323408.txt,1,2048,60,59.28320000000007,True,True,1000.11,10048,205,189370,332482,31705,-443889
test1/10323408.txt,1,2048,61,60.288000000000075,True,True,1000.125,10048,205,188305,334585,31348,-449517
test1/10323408.txt,1,2048,62,61.29280000000008,True,True,1000.114,10048,205,189072,332560,32090,-443958
test1/10323408.txt,1,2048,63,62.29760000000008,True,True,1000.128,10048,205,188266,334637,32058,-448950
test1/10323408.txt,1,2048,64,63.302400000000084,True,True,1000.115,10048,205,189701,334100,31796,-446703
test1/10323408.txt,1,2048,65,64.30720000000008,True,True,1000.117,10048,205,189785,334385,32233,-446752
test1/10323408.txt,1,2048,66,65.31200000000008,True,True,1000.117,10048,205,189025,333832,31417,-447222
test1/10323408.txt,1,2048,67,66.31680000000009,True,True,1000.127,10048,205,188525,334408,32425,-447866
test1/10323408.txt,1,2048,68,67.32160000000009,True,True,1000.116,10048,205,189113,333962,31117,-447694
test1/10323408.txt,1,2048,69,68.32640000000009,True,True,1000.117,10048,205,189338,333793,32036,-446212
test1/10323408.txt,1,2048,70,69.3312000000001,True,True,1000.114,10048,205,188960,332306,32000,-443652
test1/10323408.txt,1,2048,71,70.3360000000001,True,True,1000.117,10048,205,189236,333953,31810,-446860
test1/10323408.txt,1,2048,72,71.3408000000001,True,True,1000.116,10048,205,189257,333216,32308,-444867
test1/10323408.txt,1,2048,73,72.3456000000001,True,True,1000.115,10048,205,188500,331945,31865,-443525
test1/10323408.txt,1,2048,74,73.3504000000001,True,True,1000.127,10048,205,188032,334100,31816,-448352
test1/10323408.txt,1,2048,75,74.35520000000011,True,True,1000.122,10048,205,188330,333521,31781,-446931
test1/10323408.txt,1,2048,76,75.36000000000011,True,True,1000.124,10048,205,188929,334340,32474,-447277
test1/10323408.txt,1,2048,77,76.36480000000012,True,True,1000.121,10048,205,189089,334480,31973,-447898
test1/10323408.txt,1,2048,78,77.36960000000012,True,True,1000.118,10048,205,188840,332676,32481,-444031
test1/10323408.txt,1,2048,79,78.37440000000012,True,True,1000.127,10048,205,188021,333352,32625,-446058
test1/10323408.txt,1,2048,80,79.37920000000013,True,True,1000.122,10048,205,189709,335752,32042,-449753
test1/10323408.txt,1,2048,81,80.38400000000013,True,True,1000.119,10048,205,188665,333541,31392,-447025
test1/10323408.txt,1,2048,82,81.38880000000013,True,True,1000.11,10048,205,189250,331825,32050,-442350
test1/10323408.txt,1,2048,83,82.39360000000013,True,True,1000.12,10048,205,188506,332960,32009,-445405
test1/10323408.txt,1,2048,84,83.39840000000014,True,True,1000.113,10048,205,190105,334100,32330,-445765
test1/10323408.txt,1,2048,85,84.40320000000014,True,True,1000.12,10048,205,188500,332866,32218,-445014
test1/10323408.txt,1,2048,86,85.40800000000014,True,True,1000.105,10048,205,190180,332809,31610,-443828
test1/10323409.txt,1,2048,1,0,False,True,1000.115,221481,205,189089,333472,31450,-446405
test1/10323409.txt,1,2048,2,1.0048,False,True,1000.12,10048,205,188450,333457,31473,-446991
test1/10323409.txt,1,2048,3,2.0096,False,True,1000.123,10048,205,188578,333540,32569,-445933
test1/10323409.txt,1,2048,4,3.0143999999999997,False,True,1000.111,10048,205,188992,331469,32146,-441800
test1/10323409.txt,1,2048,5,4.0192,False,True,1000.124,10048,205,188361,333625,32193,-446696
test1/10323409.txt,1,2048,6,5.023999999999999,False,True,1000.127,10048,205,187073,332866,31112,-447547
test1/10323409.txt,1,2048,7,6.028799999999999,False,True,1000.127,10048,205,187633,333125,32057,-446560
test1/10323409.txt,1,2048,8,7.033599999999998,True,True,998.669,10048,205,264130,271412,11080,-267614
test1/10323409.txt,1,2048,9,8.038399999999998,True,True,998.702,10048,205,263938,273145,11314,-271038
test1/10323409.txt,1,2048,10,9.043199999999997,True,True,998.732,10048,205,262018,272978,11057,-272881
test1/10323409.txt,1,2048,11,10.047999999999996,True,True,998.658,10048,205,263425,270026,11117,-265510
test1/10323409.txt,1,2048,12,11.052799999999996,True,True,998.708,10048,205,262665,272200,10888,-270847
test1/10323409.txt,1,2048,13,12.057599999999995,True,True,998.702,10048,205,263232,272385,11425,-270113
test1/10323409.txt,1,2048,14,13.062399999999995,True,True,998.702,10048,205,262985,272169,11402,-269951
test1/10323409.txt,1,2048,15,14.067199999999994,True,True,998.726,10048,205,262985,273617,11344,-272905
test1/10323409.txt,1,2048,16,15.071999999999994,True,True,998.688,10048,205,263232,271553,11425,-268449
test1/10323409.txt,1,2048,17,16.076799999999995,True,True,998.704,10048,205,263453,272785,11257,-270860
test1/10323409.txt,1,2048,18,17.081599999999995,True,True,998.708,10048,205,262249,271730,11465,-269746
test1/10323409.txt,1,2048,19,18.086399999999994,True,True,998.696,10048,205,263209,272000,11713,-269078
test1/10323409.txt,1,2048,20,19.091199999999994,True,True,998.711,10048,205,263092,272794,11140,-271356
test1/10323409.txt,1,2048,21,20.095999999999993,True,True,998.687,10048,205,262165,270436,11185,-267522
test1/10323409.txt,1,2048,22,21.100799999999992,True,True,998.716,10048,205,262160,272105,11365,-270685
test1/10323409.txt,1,2048,23,22.105599999999992,True,True,998.697,10048,205,262769,271633,11600,-268897
test1/10323409.txt,1,2048,24,23.11039999999999,True,True,998.728,10048,205,263105,273800,11705,-272790
test1/10323409.txt,1,2048,25,24.11519999999999,True,True,998.708,10048,205,263440,272981,11545,-270977
test1/10323409.txt,1,2048,26,25.11999999999999,True,True,998.719,10048,205,262993,273157,11412,-271909
test1/10323409.txt,1,2048,27,26.12479999999999,True,True,998.712,10048,205,262810,272561,11458,-270854
test1/10323409.txt,1,2048,28,27.12959999999999,True,True,998.688,10048,205,263700,272045,11169,-269221
test1/10323409.txt,1,2048,29,28.13439999999999,True,True,998.696,10048,205,262800,271609,11365,-269053
test1/10323409.txt,1,2048,30,29.139199999999988,True,True,998.672,10048,205,264177,271609,11245,-267796
test1/10323409.txt,1,2048,31,30.143999999999988,True,True,998.735,10048,205,263290,274453,11168,-274448
test1/10323409.txt,1,2048,32,31.148799999999987,True,True,998.687,10048,205,265378,273745,11146,-270966
test1/10323409.txt,1,2048,33,32.15359999999999,True,True,998.746,10048,205,261505,273285,11493,-273572
test1/10323409.txt,1,2048,34,33.15839999999999,True,True,998.695,10048,205,263105,271853,11322,-269279
test1/10323409.txt,1,2048,35,34.163199999999996,True,True,998.696,10048,205,263581,272381,11520,-269661
test1/10323409.txt,1,2048,36,35.168,True,True,998.706,10048,205,263233,272666,11498,-270601
test1/10323409.txt,1,2048,37,36.1728,True,True,998.719,10048,205,262480,272597,11700,-271014
test1/10323409.txt,1,2048,38,37.177600000000005,True,True,998.673,10048,205,263573,271037,11441,-267060
test1/10323409.txt,1,2048,39,38.18240000000001,True,True,998.718,10048,205,263257,273409,11434,-272127
test1/10323409.txt,1,2048,40,39.18720000000001,True,True,998.687,10048,205,263610,271882,11680,-268474
test1/10323409.txt,1,2048,41,40.192000000000014,True,True,998.723,10048,205,262441,272861,11444,-271837
test1/10323409.txt,1,2048,42,41.19680000000002,True,True,998.684,10048,205,263033,271136,11268,-267971
test1/10323409.txt,1,2048,43,42.20160000000002,True,True,998.71,10048,205,262810,272473,11345,-270791
test1/10323409.txt,1,2048,44,43.20640000000002,True,True,998.705,10048,205,263269,272605,11458,-270483
test1/10323409.txt,1,2048,45,44.21120000000003,True,True,998.722,10048,205,263057,273445,11322,-272511
test1/10323409.txt,1,2048,46,45.21600000000003,True,True,998.708,10048,205,262825,272340,11105,-270750
test1/10323409.txt,1,2048,47,46.22080000000003,True,True,998.713,10048,205,262538,272324,11090,-271020
test1/10323409.txt,1,2048,48,47.225600000000036,True,True,998.704,10048,205,263173,272500,11025,-270802
test1/10323409.txt,1,2048,49,48.23040000000004,True,True,998.673,10048,205,263588,271057,11368,-267158
test1/10323409.txt,1,2048,50,49.23520000000004,True,True,998.757,10048,205,260740,273145,11401,-274149
test1/10323409.txt,1,2048,51,50.240000000000045,True,True,998.702,10048,205,263666,272890,10900,-271214
test1/10323409.txt,1,2048,52,51.24480000000005,True,True,998.721,10048,205,263425,273754,11245,-272838
test1/10323409.txt,1,2048,53,52.24960000000005,True,True,998.672,10048,205,264820,272281,11737,-268005
test1/10323409.txt,1,2048,54,53.254400000000054,True,True,998.695,10048,205,263293,272065,11268,-269569
test1/10323409.txt,1,2048,55,54.25920000000006,True,True,998.69,10048,205,263565,272057,11225,-269324
test1/10323409.txt,1,2048,56,55.26400000000006,True,True,998.686,10048,205,264980,273268,11050,-270506
test1/10323409.txt,1,2048,57,56.26880000000006,True,True,998.696,10048,205,263146,271945,11629,-269115
test1/10323409.txt,1,2048,58,57.273600000000066,True,True,998.719,10048,205,261892,272000,11441,-270667
test1/10323409.txt,1,2048,59,58.27840000000007,True,True,998.69,10048,205,263744,272250,11290,-269466
test1/10323409.txt,1,2048,60,59.28320000000007,True,True,998.704,10048,205,263744,273041,11300,-271038
test1/10323409.txt,1,2048,61,60.288000000000075,True,True,998.703,10048,205,261812,271013,11426,-268788
test1/10323409.txt,1,2048,62,61.29280000000008,True,True,998.697,10048,205,263477,272357,11348,-269889
test1/10323409.txt,1,2048,63,62.29760000000008,True,True,998.691,10048,205,262600,271108,11101,-268515
test1/10323409.txt,1,2048,64,63.302400000000084,True,True,998.706,10048,205,262804,272170,11549,-269987
test1/10323409.txt,1,2048,65,64.30720000000008,True,True,998.719,10048,205,262610,272765,11540,-271380
test1/10323409.txt,1,2048,66,65.31200000000008,True,True,998.733,10048,205,260657,271610,11378,-271185
test1/10323409.txt,1,2048,67,66.31680000000009,True,True,998.739,10048,205,262805,274180,11188,-274367
test1/10323409.txt,1,2048,68,67.32160000000009,True,True,998.668,10048,205,263306,270481,11221,-266435
test1/10323409.txt,1,2048,69,68.32640000000009,True,True,998.721,10048,205,262672,272948,11380,-271844
test1/10323409.txt,1,2048,70,69.3312000000001,True,True,998.708,10048,205,262762,272281,11025,-270775
test1/10323409.txt,1,2048,71,70.3360000000001,True,True,998.696,10048,205,262634,271409,11338,-268846
test1/10323409.txt,1,2048,72,71.3408000000001,True,True,998.691,10048,205,262825,271309,11250,-268543
test1/10323409.txt,1,2048,73,72.3456000000001,True,True,998.678,10048,205,263330,271120,11057,-267853
test1/10323409.txt,1,2048,74,73.3504000000001,True,True,998.731,10048,205,263290,274261,10777,-274455
test1/10323409.txt,1,2048,75,74.35520000000011,True,True,998.699,10048,205,262769,271753,11185,-269552
test1/10323409.txt,1,2048,76,75.36000000000011,True,True,998.691,10048,205,261937,270425,11560,-267353
test1/10323409.txt,1,2048,77,76.36480000000012,True,True,998.703,10048,205,263300,272500,11645,-270055
test1/10323409.txt,1,2048,78,77.36960000000012,True,True,998.688,10048,205,263569,271925,11169,-269112
test1/10323409.txt,1,2048,79,78.37440000000012,True,True,998.712,10048,205,262205,271937,11300,-270369
test1/10323409.txt,1,2048,80,79.37920000000013,True,True,998.708,10048,205,262408,271937,11216,-270250
test1/10323409.txt,1,2048,81,80.38400000000013,True,True,998.736,10048,205,261873,273060,11344,-272903
test1/10323409.txt,1,2048,82,81.38880000000013,True,True,998.662,10048,205,263908,270752,11521,-266075
test1/10323409.txt,1,2048,83,82.39360000000013,True,True,998.697,10048,205,262769,271633,11216,-269281
test1/10323409.txt,1,2048,84,83.39840000000014,True,True,998.691,10048,205,262996,271520,11509,-268535
test1/10323409.txt,1,2048,85,84.40320000000014,True,True,998.744,10048,205,263056,274745,11413,-275021
test1/10323409.txt,1,2048,86,85.40800000000014,True,True,998.718,10048,205,262793,272900,11600,-271407
test1/10323409.txt,1,2048,87,86.41280000000015,True,True,998.711,10048,205,263993,273689,11705,-271680
test1/10323409.txt,1,2048,88,87.41760000000015,True,True,998.717,10048,205,262145,272165,11492,-270693
test1/10323409.txt,1,2048,89,88.42240000000015,True,True,998.694,10048,205,263381,272081,11194,-269587
test1/10323409.txt,1,2048,90,89.42720000000016,True,True,998.703,10048,205,263185,272425,11458,-270207
test1/10323409.txt,1,2048,91,90.43200000000016,True,True,998.709,10048,205,264196,273850,11432,-272072
test1/10323409.txt,1,2048,92,91.43680000000016,True,True,998.691,10048,205,263357,271885,11304,-269109
test1/10323409.txt,1,2048,93,92.44160000000016,True,True,998.7,10048,205,263365,272429,11412,-270081
test1/10323409.txt,1,2048,94,93.44640000000017,True,True,998.688,10048,205,262525,270850,11168,-268007
test1/10323409.txt,1,2048,95,94.45120000000017,True,True,998.705,10048,205,263825,273209,11169,-271424
test1/10323409.txt,1,2048,96,95.45600000000017,True,True,998.708,10048,205,262600,272105,11428,-270182
test1/10323409.txt,1,2048,97,96.46080000000018,True,True,998.672,10048,205,263477,270889,11185,-267116
test1/10323409.txt,1,2048,98,97.46560000000018,True,True,998.696,10048,205,263161,271969,11329,-269448
test1/10323409.txt,1,2048,99,98.47040000000018,True,True,998.704,10048,205,263825,273122,11285,-271134
test1/10323410.txt,1,2048,1,0,False,True,998.73,213075,205,262765,273578,11493,-272898
test1/10323410.txt,1,2048,2,1.0048,False,True,998.697,10048,205,263240,272098,11141,-269815
test1/10323410.txt,1,2048,3,2.0096,False,True,998.743,10048,205,261776,273341,11332,-273574
test1/10323410.txt,1,2048,4,3.0143999999999997,False,True,998.724,10048,205,261797,272225,11689,-270964
test1/10323410.txt,1,2048,5,4.0192,False,True,998.724,10048,205,263840,274378,11570,-273346
test1/10323410.txt,1,2048,6,5.023999999999999,False,True,998.733,10048,205,262480,273481,11268,-273214
test1/10323410.txt,1,2048,7,6.028799999999999,False,True,998.749,10048,205,260640,272561,11458,-273024
test1/10323410.txt,1,2048,8,7.033599999999998,True,True,997.068,10048,204,28537,327113,198928,-426761
test1/10323410.txt,1,2048,9,8.038399999999998,True,True,997.063,10048,204,28304,327301,198272,-428026
test1/10323410.txt,1,2048,10,9.043199999999997,True,True,997.078,10048,204,28417,327385,200285,-426068
test1/10323410.txt,1,2048,11,10.047999999999996,True,True,997.071,10048,204,28345,327461,199412,-427165
test1/10323410.txt,1,2048,12,11.052799999999996,True,True,997.062,10048,204,28058,327977,198361,-429535
test1/10323410.txt,1,2048,13,12.057599999999995,True,True,997.071,10048,204,28420,325786,198505,-424647
test1/10323410.txt,1,2048,14,13.062399999999995,True,True,997.073,10048,204,28850,327080,199610,-425700
test1/10323410.txt,1,2048,15,14.067199999999994,True,True,997.07,10048,204,28730,327680,199601,-427029
test1/10323410.txt,1,2048,16,15.071999999999994,True,True,997.069,10048,204,28288,327725,199217,-427945
test1/10323410.txt,1,2048,17,16.076799999999995,True,True,997.076,10048,204,27920,326825,199413,-426317
test1/10323410.txt,1,2048,18,17.081599999999995,True,True,997.071,10048,204,28705,327029,199250,-426103
test1/10323410.txt,1,2048,19,18.086399999999994,True,True,997.073,10048,204,28010,325057,198097,-424007
test1/10323410.txt,1,2048,20,19.091199999999994,True,True,997.05,10048,204,27970,328976,197416,-432566
test1/10323410.txt,1,2048,21,20.095999999999993,True,True,997.075,10048,204,28625,325825,199109,-423916
test1/10323410.txt,1,2048,22,21.100799999999992,True,True,997.056,10048,204,28090,327973,197684,-430172
test1/10323410.txt,1,2048,23,22.105599999999992,True,True,997.073,10048,204,28436,325184,198425,-423507
test1/10323410.txt,1,2048,24,23.11039999999999,True,True,997.061,10048,204,28305,328340,198650,-429725
test1/10323410.txt,1,2048,25,24.11519999999999,True,True,997.067,10048,204,28229,327609,198925,-428064
test1/10323410.txt,1,2048,26,25.11999999999999,True,True,997.074,10048,204,28052,326170,198932,-425356
test1/10323410.txt,1,2048,27,26.12479999999999,True,True,997.081,10048,204,27985,326772,200080,-425479
test1/10323410.txt,1,2048,28,27.12959999999999,True,True,997.064,10048,204,28276,328744,199225,-429987
test1/10323410.txt,1,2048,29,28.13439999999999,True,True,997.063,10048,204,28517,328297,198962,-429115
test1/10323410.txt,1,2048,30,29.139199999999988,True,True,997.067,10048,204,28645,327232,198900,-426919
test1/10323410.txt,1,2048,31,30.143999999999988,True,True,997.066,10048,204,28449,327301,198657,-427496
test1/10323410.txt,1,2048,32,31.148799999999987,True,True,997.068,10048,204,27521,327188,198497,-428358
test1/10323410.txt,1,2048,33,32.15359999999999,True,True,997.067,10048,204,28328,326785,198440,-426802
test1/10323410.txt,1,2048,34,33.15839999999999,True,True,997.068,10048,204,28201,325925,198049,-425600
test1/10323410.txt,1,2048,35,34.163199999999996,True,True,997.071,10048,204,28453,326717,199060,-425921
test1/10323410.txt,1,2048,36,35.168,True,True,997.062,10048,204,28273,327545,198250,-428567
test1/10323410.txt,1,2048,37,36.1728,True,True,997.062,10048,204,28305,327860,198425,-428990
test1/10323410.txt,1,2048,38,37.177600000000005,True,True,997.054,10048,204,28669,326890,197028,-428083
test1/10323410.txt,1,2048,39,38.18240000000001,True,True,997.064,10048,204,28925,326096,197960,-425307
test1/10323410.txt,1,2048,40,39.18720000000001,True,True,997.064,10048,204,28601,327457,198608,-427705
test1/10323410.txt,1,2048,41,40.192000000000014,True,True,997.056,10048,204,28673,327506,197621,-428718
test1/10323410.txt,1,2048,42,41.19680000000002,True,True,997.073,10048,204,28125,325889,198578,-425075
test1/10323410.txt,1,2048,43,42.20160000000002,True,True,997.059,10048,204,28513,327242,197765,-428206
test1/10323410.txt,1,2048,44,43.20640000000002,True,True,997.069,10048,204,28480,326353,198522,-425704
test1/10323410.txt,1,2048,45,44.21120000000003,True,True,997.071,10048,204,27936,327592,199300,-427948
test1/10323410.txt,1,2048,46,45.21600000000003,True,True,997.066,10048,204,28453,327001,198560,-426989
test1/10323410.txt,1,2048,47,46.22080000000003,True,True,997.057,10048,204,28496,326521,197145,-427401
test1/10323410.txt,1,2048,48,47.225600000000036,True,True,997.062,10048,204,28240,327248,198089,-428167
test1/10323410.txt,1,2048,49,48.23040000000004,True,True,997.066,10048,204,28240,327626,198826,-428186
test1/10323410.txt,1,2048,50,49.23520000000004,True,True,997.076,10048,204,28577,325130,198724,-422959
test1/10323410.txt,1,2048,51,50.240000000000045,True,True,997.06,10048,204,28514,327154,197906,-427888
test1/10323410.txt,1,2048,52,51.24480000000005,True,True,997.063,10048,204,28628,327401,198505,-427669
test1/10323410.txt,1,2048,53,52.24960000000005,True,True,997.072,10048,204,28132,326756,198964,-426416
test1/10323410.txt,1,2048,54,53.254400000000054,True,True,997.063,10048,204,28561,326440,197833,-426486
test1/10323410.txt,1,2048,55,54.25920000000006,True,True,997.071,10048,204,27997,327808,199385,-428234
test1/10323410.txt,1,2048,56,55.26400000000006,True,True,997.071,10048,204,28372,326980,199172,-426416
test1/10323410.txt,1,2048,57,56.26880000000006,True,True,997.067,10048,204,27994,327802,198985,-428625
test1/10323410.txt,1,2048,58,57.273600000000066,True,True,997.077,10048,204,28180,325505,198986,-423844
test1/10323410.txt,1,2048,59,58.27840000000007,True,True,997.064,10048,204,27625,327010,197888,-428507
test1/10323410.txt,1,2048,60,59.28320000000007,True,True,997.074,10048,204,28225,326045,198917,-424948
test1/10323410.txt,1,2048,61,60.288000000000075,True,True,997.062,10048,204,28426,327652,198386,-428492
test1/10323410.txt,1,2048,62,61.29280000000008,True,True,997.077,10048,204,28037,328113,200402,-427787
test1/10323410.txt,1,2048,63,62.29760000000008,True,True,997.051,10048,204,28180,327757,196969,-430365
test1/10323410.txt,1,2048,64,63.302400000000084,True,True,997.057,10048,204,27961,328717,198218,-431255
test1/10323410.txt,1,2048,65,64.30720000000008,True,True,997.048,10048,204,28289,327248,196304,-429903
test1/10323410.txt,1,2048,66,65.31200000000008,True,True,997.063,10048,204,28097,328921,199121,-430624
test1/10323410.txt,1,2048,67,66.31680000000009,True,True,997.069,10048,204,28800,328213,199720,-427906
test1/10323410.txt,1,2048,68,67.32160000000009,True,True,997.069,10048,204,28333,326729,198756,-426369
test1/10323410.txt,1,2048,69,68.32640000000009,True,True,997.07,10048,204,28561,326560,198864,-425695
test1/10323410.txt,1,2048,70,69.3312000000001,True,True,997.055,10048,204,28496,327905,197649,-429665
test1/10323410.txt,1,2048,71,70.3360000000001,True,True,997.059,10048,204,27977,328690,198388,-431015
test1/10323410.txt,1,2048,72,71.3408000000001,True,True,997.063,10048,204,27905,327353,198169,-428632
test1/10323410.txt,1,2048,73,72.3456000000001,True,True,997.064,10048,204,28373,327013,198244,-427409
test1/10323410.txt,1,2048,74,73.3504000000001,True,True,997.076,10048,204,28225,327200,199825,-426350
test1/10323410.txt,1,2048,75,74.35520000000011,True,True,997.063,10048,204,28249,328912,199170,-430405
test1/10323410.txt,1,2048,76,75.36000000000011,True,True,997.065,10048,204,28480,327770,198866,-428194
test1/10323410.txt,1,2048,77,76.36480000000012,True,True,997.065,10048,204,28178,328149,198900,-429220
test1/10323410.txt,1,2048,78,77.36960000000012,True,True,997.063,10048,204,28354,326882,198085,-427325
test1/10323410.txt,1,2048,79,78.37440000000012,True,True,997.056,10048,204,28673,330325,199225,-432752
test1/10323410.txt,1,2048,80,79.37920000000013,True,True,997.064,10048,204,28601,327325,198500,-427549
test1/10323410.txt,1,2048,81,80.38400000000013,True,True,997.075,10048,204,28340,328000,200180,-427480
test1/10323411.txt,1,2048,1,0,False,True,997.06,364632,204,28521,328357,198634,-429559
test1/10323411.txt,1,2048,2,1.0048,False,True,997.048,10048,204,28305,329024,197396,-432347
test1/10323411.txt,1,2048,3,2.0096,False,True,997.075,10048,204,28273,326617,199357,-425604
test1/10323411.txt,1,2048,4,3.0143999999999997,False,True,997.063,10048,204,28260,328484,198981,-429727
test1/10323411.txt,1,2048,5,4.0192,False,True,997.063,10048,204,28304,327301,198272,-428026
test1/10323411.txt,1,2048,6,5.023999999999999,False,True,997.065,10048,204,28417,327385,198601,-427752
test1/10323411.txt,1,2048,7,6.028799999999999,False,True,997.076,10048,204,28057,327353,199810,-426839
test1/10323411.txt,1,2048,8,7.033599999999998,True,True,996.387,10048,204,63145,365600,128017,-540038
test1/10323411.txt,1,2048,9,8.038399999999998,True,True,996.389,10048,204,63700,364765,128693,-537137
test1/10323411.txt,1,2048,10,9.043199999999997,True,True,996.385,10048,204,62569,366917,127520,-543745
test1/10323411.txt,1,2048,11,10.047999999999996,True,True,996.389,10048,204,63313,364193,128260,-536813
test1/10323411.txt,1,2048,12,11.052799999999996,True,True,996.381,10048,204,63185,366210,127058,-542177
test1/10323411.txt,1,2048,13,12.057599999999995,True,True,996.377,10048,204,63257,366101,126233,-542712
test1/10323411.txt,1,2048,14,13.062399999999995,True,True,996.386,10048,204,63506,365908,128160,-540150
test1/10323411.txt,1,2048,15,14.067199999999994,True,True,996.38,10048,204,63458,366805,127241,-542911
test1/10323411.txt,1,2048,16,15.071999999999994,True,True,996.38,10048,204,64010,366041,127453,-540619
test1/10323411.txt,1,2048,17,16.076799999999995,True,True,996.392,10048,204,62705,364865,128617,-538408
test1/10323411.txt,1,2048,18,17.081599999999995,True,True,996.388,10048,204,63257,364725,128153,-538040
test1/10323411.txt,1,2048,19,18.086399999999994,True,True,996.387,10048,204,63361,364858,128033,-538322
test1/10323411.txt,1,2048,20,19.091199999999994,True,True,996.386,10048,204,63684,364820,128125,-537831
test1/10323411.txt,1,2048,21,20.095999999999993,True,True,996.382,10048,204,64264,364634,127748,-537256
test1/10323411.txt,1,2048,22,21.100799999999992,True,True,996.39,10048,204,63869,363920,128889,-535082
test1/10323411.txt,1,2048,23,22.105599999999992,True,True,996.383,10048,204,63362,365545,127361,-540367
test1/10323411.txt,1,2048,24,23.11039999999999,True,True,996.383,10048,204,63562,365245,127616,-539312
test1/10323411.txt,1,2048,25,24.11519999999999,True,True,996.386,10048,204,63684,366372,128381,-540679
test1/10323411.txt,1,2048,26,25.11999999999999,True,True,996.386,10048,204,63092,365060,127780,-539248
test1/10323411.txt,1,2048,27,26.12479999999999,True,True,996.379,10048,204,63914,365185,126925,-539531
test1/10323411.txt,1,2048,28,27.12959999999999,True,True,996.385,10048,204,64233,364096,128180,-535779
test1/10323411.txt,1,2048,29,28.13439999999999,True,True,996.384,10048,204,63376,364730,127537,-538547
test1/10323411.txt,1,2048,30,29.139199999999988,True,True,996.392,10048,204,62729,364165,128426,-537175
test1/10323411.txt,1,2048,31,30.143999999999988,True,True,996.385,10048,204,63586,364900,127881,-538333
test1/10323411.txt,1,2048,32,31.148799999999987,True,True,996.375,10048,204,63874,368272,126722,-545948
test1/10323411.txt,1,2048,33,32.15359999999999,True,True,996.38,10048,204,63325,365300,126685,-540590
test1/10323411.txt,1,2048,34,33.15839999999999,True,True,996.386,10048,204,63520,364985,127945,-538505
test1/10323411.txt,1,2048,35,34.163199999999996,True,True,996.381,10048,204,64090,365492,127674,-539220
test1/10323411.txt,1,2048,36,35.168,True,True,996.385,10048,204,64145,365264,128353,-538030
test1/10323411.txt,1,2048,37,36.1728,True,True,996.39,10048,204,63713,365105,128945,-537552
test1/10323411.txt,1,2048,38,37.177600000000005,True,True,996.391,10048,204,62945,365588,128641,-539590
test1/10323411.txt,1,2048,39,38.18240000000001,True,True,996.383,10048,204,64105,365716,128080,-539247
test1/10323411.txt,1,2048,40,39.18720000000001,True,True,996.379,10048,204,64145,365524,127345,-539558
test1/10323411.txt,1,2048,41,40.192000000000014,True,True,996.384,10048,204,63946,366480,128258,-540756
test1/10323411.txt,1,2048,42,41.19680000000002,True,True,996.39,10048,204,63540,365012,128930,-537554
test1/10323411.txt,1,2048,43,42.20160000000002,True,True,996.382,10048,204,63505,364577,127165,-538484
test1/10323411.txt,1,2048,44,43.20640000000002,True,True,996.384,10048,204,63810,365170,127861,-538669
test1/10323411.txt,1,2048,45,44.21120000000003,True,True,996.386,10048,204,62770,367237,127944,-543760
test1/10323411.txt,1,2048,46,45.21600000000003,True,True,996.386,10048,204,62845,365220,127620,-539975
test1/10323411.txt,1,2048,47,46.22080000000003,True,True,996.389,10048,204,62948,366068,128452,-540736
test1/10323411.txt,1,2048,48,47.225600000000036,True,True,996.383,10048,204,63073,364996,127136,-539783
test1/10323411.txt,1,2048,49,48.23040000000004,True,True,996.381,10048,204,63988,366418,127760,-541088
test1/10323411.txt,1,2048,50,49.23520000000004,True,True,996.392,10048,204,63017,366305,129017,-540576
test1/10323411.txt,1,2048,51,50.240000000000045,True,True,996.385,10048,204,63682,364457,127933,-537299
test1/10323411.txt,1,2048,52,51.24480000000005,True,True,996.388,10048,204,63682,365993,128845,-539459
test1/10323411.txt,1,2048,53,52.24960000000005,True,True,996.384,10048,204,63440,365648,127636,-540220
test1/10323411.txt,1,2048,54,53.254400000000054,True,True,996.386,10048,204,63442,364010,127760,-536818
test1/10323411.txt,1,2048,55,54.25920000000006,True,True,996.388,10048,204,63440,364169,128146,-536752
test1/10323411.txt,1,2048,56,55.26400000000006,True,True,996.38,10048,204,63104,366068,126713,-542319
test1/10323411.txt,1,2048,57,56.26880000000006,True,True,996.39,10048,204,62845,363701,127969,-536588
test1/10323411.txt,1,2048,58,57.273600000000066,True,True,996.387,10048,204,63233,365188,128057,-539086
test1/10323411.txt,1,2048,59,58.27840000000007,True,True,996.382,10048,204,63761,366337,127745,-541168
test1/10323411.txt,1,2048,60,59.28320000000007,True,True,996.38,10048,204,64010,365796,127313,-540269
test1/10323411.txt,1,2048,61,60.288000000000075,True,True,996.387,10048,204,63540,365072,128245,-538359
test1/10323411.txt,1,2048,62,61.29280000000008,True,True,996.385,10048,204,63697,365545,128160,-539233
test1/10323411.txt,1,2048,63,62.29760000000008,True,True,996.376,10048,204,64529,365000,126880,-538591
test1/10323411.txt,1,2048,64,63.302400000000084,True,True,996.391,10048,204,62740,365146,128354,-539198
test1/10323411.txt,1,2048,65,64.30720000000008,True,True,996.385,10048,204,63169,364505,127364,-538477
test1/10323411.txt,1,2048,66,65.31200000000008,True,True,996.381,10048,204,63509,365348,127130,-540057
test1/10323411.txt,1,2048,67,66.31680000000009,True,True,996.387,10048,204,63760,364481,128353,-536849
test1/10323411.txt,1,2048,68,67.32160000000009,True,True,996.379,10048,204,63648,365441,126932,-540302
test1/10323411.txt,1,2048,69,68.32640000000009,True,True,996.387,10048,204,63520,365690,128362,-539498
test1/10323411.txt,1,2048,70,69.3312000000001,True,True,996.39,10048,204,63122,366461,128826,-540974
test1/10323411.txt,1,2048,71,70.3360000000001,True,True,996.383,10048,204,63874,367145,128180,-542236
test1/10323411.txt,1,2048,72,71.3408000000001,True,True,996.377,10048,204,64345,363688,126548,-536483
test1/10323411.txt,1,2048,73,72.3456000000001,True,True,996.38,10048,204,63725,364660,127010,-538585
test1/10323411.txt,1,2048,74,73.3504000000001,True,True,996.391,10048,204,62676,366466,128585,-541671
test1/10323411.txt,1,2048,75,74.35520000000011,True,True,996.383,10048,204,63677,364096,127394,-537121
test1/10323411.txt,1,2048,76,75.36000000000011,True,True,996.39,10048,204,63325,364544,128516,-537247
test1/10323411.txt,1,2048,77,76.36480000000012,True,True,996.389,10048,204,63092,365060,128210,-538818
test1/10323411.txt,1,2048,78,77.36960000000012,True,True,996.382,10048,204,63362,365969,127242,-541334
test1/10323411.txt,1,2048,79,78.37440000000012,True,True,996.387,10048,204,62864,365573,127810,-540472
test1/10323411.txt,1,2048,80,79.37920000000013,True,True,996.386,10048,204,63828,364340,128125,-536727
test1/10323411.txt,1,2048,81,80.38400000000013,True,True,996.386,10048,204,63530,366353,128306,-540870
test1/10323411.txt,1,2048,82,81.38880000000013,True,True,996.386,10048,204,63353,366409,128209,-541256
test1/10323411.txt,1,2048,83,82.39360000000013,True,True,996.392,10048,204,62561,365968,128756,-540619
test1/10323411.txt,1,2048,84,83.39840000000014,True,True,996.389,10048,204,63101,365345,128320,-539269
test1/10323411.txt,1,2048,85,84.40320000000014,True,True,996.386,10048,204,62770,365896,127637,-541385
test1/10323412.txt,1,2048,1,0,False,True,996.385,331760,204,63104,365824,127745,-540799
test1/10323412.txt,1,2048,2,1.0048,False,True,996.383,10048,204,63505,364841,127458,-538719
test1/10323412.txt,1,2048,3,2.0096,False,True,996.382,10048,204,63853,365105,127460,-538897
test1/10323412.txt,1,2048,4,3.0143999999999997,False,True,996.391,10048,204,63017,365625,128690,-539543
test1/10323412.txt,1,2048,5,4.0192,False,True,996.388,10048,204,63257,366004,128477,-540274
test1/10323412.txt,1,2048,6,5.023999999999999,False,True,996.382,10048,204,63632,365653,127385,-540289
test1/10323412.txt,1,2048,7,6.028799999999999,False,True,996.385,10048,204,62708,364946,127136,-540048
test1/10323412.txt,1,2048,8,7.033599999999998,True,True,995.889,10048,204,117301,369010,70937,-549782
test1/10323412.txt,1,2048,9,8.038399999999998,True,True,995.89,10048,204,117101,367490,71290,-546589
test1/10323412.txt,1,2048,10,9.043199999999997,True,True,995.893,10048,204,116665,368960,71200,-550055
test1/10323412.txt,1,2048,11,10.047999999999996,True,True,995.893,10048,204,116617,366880,71473,-545670
test1/10323412.txt,1,2048,12,11.052799999999996,True,True,995.892,10048,204,116569,368260,71042,-548909
test1/10323412.txt,1,2048,13,12.057599999999995,True,True,995.899,10048,204,116021,370021,71812,-552209
test1/10323412.txt,1,2048,14,13.062399999999995,True,True,995.894,10048,204,116594,369409,71460,-550764
test1/10323412.txt,1,2048,15,14.067199999999994,True,True,995.894,10048,204,116786,367945,71956,-547148
test1/10323412.txt,1,2048,16,15.071999999999994,True,True,995.892,10048,204,116461,368041,70996,-548625
test1/10323412.txt,1,2048,17,16.076799999999995,True,True,995.895,10048,204,116896,370420,71866,-552078
test1/10323412.txt,1,2048,18,17.081599999999995,True,True,995.89,10048,204,116624,370261,70272,-553626
test1/10323412.txt,1,2048,19,18.086399999999994,True,True,995.895,10048,204,116212,368257,71405,-548897
test1/10323412.txt,1,2048,20,19.091199999999994,True,True,995.896,10048,204,117065,369234,72442,-548961
test1/10323412.txt,1,2048,21,20.095999999999993,True,True,995.892,10048,204,116836,370240,71108,-552536
test1/10323412.txt,1,2048,22,21.100799999999992,True,True,995.898,10048,204,116345,369889,71888,-551545
test1/10323412.txt,1,2048,23,22.105599999999992,True,True,995.897,10048,204,116240,369869,71705,-551793
test1/10323412.txt,1,2048,24,23.11039999999999,True,True,995.891,10048,204,117136,369001,71450,-549416
test1/10323412.txt,1,2048,25,24.11519999999999,True,True,995.891,10048,204,117529,367012,72217,-544278
test1/10323412.txt,1,2048,26,25.11999999999999,True,True,995.895,10048,204,116506,369178,71458,-550392
test1/10323412.txt,1,2048,27,26.12479999999999,True,True,995.892,10048,204,117065,368314,71524,-548039
test1/10323412.txt,1,2048,28,27.12959999999999,True,True,995.895,10048,204,116441,371321,71200,-555001
test1/10323412.txt,1,2048,29,28.13439999999999,True,True,995.894,10048,204,116276,368084,71266,-548626
test1/10323412.txt,1,2048,30,29.139199999999988,True,True,995.898,10048,204,116365,368370,72189,-548186
test1/10323412.txt,1,2048,31,30.143999999999988,True,True,995.898,10048,204,115586,370145,71050,-553654
test1/10323412.txt,1,2048,32,31.148799999999987,True,True,995.891,10048,204,116834,367490,71189,-546957
test1/10323412.txt,1,2048,33,32.15359999999999,True,True,995.894,10048,204,116665,370145,71200,-552425
test1/10323412.txt,1,2048,34,33.15839999999999,True,True,995.896,10048,204,116617,371122,71570,-554057
test1/10323412.txt,1,2048,35,34.163199999999996,True,True,995.89,10048,204,116946,368609,71042,-549230
test1/10323412.txt,1,2048,36,35.168,True,True,995.895,10048,204,116800,369728,71812,-550844
test1/10323412.txt,1,2048,37,36.1728,True,True,995.892,10048,204,117160,369409,71460,-550198
test1/10323412.txt,1,2048,38,37.177600000000005,True,True,995.892,10048,204,116617,368545,71053,-549420
test1/10323412.txt,1,2048,39,38.18240000000001,True,True,995.895,10048,204,117421,369529,72500,-549137
test1/10323412.txt,1,2048,40,39.18720000000001,True,True,995.898,10048,204,116297,368770,72080,-549163
test1/10323412.txt,1,2048,41,40.192000000000014,True,True,995.891,10048,204,117181,369050,71332,-549587
test1/10323412.txt,1,2048,42,41.19680000000002,True,True,995.894,10048,204,116425,368640,71405,-549450
test1/10323412.txt,1,2048,43,42.20160000000002,True,True,995.897,10048,204,116500,369140,72041,-549739
test1/10323412.txt,1,2048,44,43.20640000000002,True,True,995.888,10048,204,117457,369729,70885,-551116
test1/10323412.txt,1,2048,45,44.21120000000003,True,True,995.893,10048,204,117028,368593,71873,-548285
test1/10323412.txt,1,2048,46,45.21600000000003,True,True,995.897,10048,204,116240,369869,71705,-551793
test1/10323412.txt,1,2048,47,46.22080000000003,True,True,995.892,10048,204,117146,369872,71460,-551138
test1/10323412.txt,1,2048,48,47.225600000000036,True,True,995.894,10048,204,117284,369713,72217,-549925
test1/10323412.txt,1,2048,49,48.23040000000004,True,True,995.89,10048,204,117220,366866,71458,-545054
test1/10323412.txt,1,2048,50,49.23520000000004,True,True,995.896,10048,204,116437,368849,71761,-549500
test1/10323412.txt,1,2048,51,50.240000000000045,True,True,995.893,10048,204,116962,369605,71609,-550639
test1/10323412.txt,1,2048,52,51.24480000000005,True,True,995.897,10048,204,116077,368890,71465,-550238
test1/10323412.txt,1,2048,53,52.24960000000005,True,True,995.901,10048,204,115765,368650,72250,-549285
test1/10323412.txt,1,2048,54,53.254400000000054,True,True,995.894,10048,204,116516,367601,71586,-547100
test1/10323412.txt,1,2048,55,54.25920000000006,True,True,995.899,10048,204,115477,368721,71305,-550660
test1/10323412.txt,1,2048,56,55.26400000000006,True,True,995.892,10048,204,116665,368420,71200,-548975
test1/10323412.txt,1,2048,57,56.26880000000006,True,True,995.895,10048,204,116740,369925,71570,-551540
test1/10323412.txt,1,2048,58,57.273600000000066,True,True,995.895,10048,204,116377,369616,71201,-551654
test1/10323412.txt,1,2048,59,58.27840000000007,True,True,995.893,10048,204,117377,368420,72148,-547315
test1/10323412.txt,1,2048,60,59.28320000000007,True,True,995.896,10048,204,116378,368464,71825,-548725
test1/10323412.txt,1,2048,61,60.288000000000075,True,True,995.893,10048,204,116957,367978,71705,-547294
test1/10323412.txt,1,2048,62,61.29280000000008,True,True,995.895,10048,204,116768,369317,71746,-550120
test1/10323412.txt,1,2048,63,62.29760000000008,True,True,995.893,10048,204,116896,368189,71609,-547873
test1/10323412.txt,1,2048,64,63.302400000000084,True,True,995.894,10048,204,116500,368729,71332,-549626
test1/10323412.txt,1,2048,65,64.30720000000008,True,True,995.895,10048,204,116425,370178,71234,-552697
test1/10323412.txt,1,2048,66,65.31200000000008,True,True,995.893,10048,204,116957,369140,71642,-549681
test1/10323412.txt,1,2048,67,66.31680000000009,True,True,995.889,10048,204,117508,369313,71149,-549969
test1/10323412.txt,1,2048,68,67.32160000000009,True,True,995.896,10048,204,116317,367357,71860,-546537
test1/10323412.txt,1,2048,69,68.32640000000009,True,True,995.894,10048,204,116756,369668,71618,-550962
test1/10323412.txt,1,2048,70,69.3312000000001,True,True,995.89,10048,204,116669,366466,71089,-545174
test1/10323412.txt,1,2048,71,70.3360000000001,True,True,995.892,10048,204,117284,367993,71837,-546865
test1/10323412.txt,1,2048,72,71.3408000000001,True,True,995.89,10048,204,117220,368136,71458,-547594
test1/10323412.txt,1,2048,73,72.3456000000001,True,True,995.893,10048,204,117050,368836,71761,-548861
test1/10323412.txt,1,2048,74,73.3504000000001,True,True,995.897,10048,204,115561,367250,71266,-547673
test1/10323412.txt,1,2048,75,74.35520000000011,True,True,995.894,10048,204,116533,369000,71465,-550002
test1/10323412.txt,1,2048,76,75.36000000000011,True,True,995.894,10048,204,116602,370000,71249,-552149
test1/10323412.txt,1,2048,77,76.36480000000012,True,True,995.891,10048,204,117200,367165,71857,-545273
test1/10323412.txt,1,2048,78,77.36960000000012,True,True,995.895,10048,204,116429,369962,71189,-552306
test1/10323412.txt,1,2048,79,78.37440000000012,True,True,995.893,10048,204,117332,369073,72125,-548689
test2/1024.txt,1,1024,1,0,False,True,1002.523,217369,103,543764,646469,100325,-648849
test2/1024.txt,1,1024,2,1.0027,False,True,999.021,10027,102,119029,667189,529924,-685425
test2/1024.txt,1,1024,3,2.0054,False,True,1002.413,10027,103,546905,640777,96185,-638464
test2/1024.txt,1,1024,4,3.0080999999999998,False,True,999.078,10027,102,117549,662317,530881,-676204
test2/1024.txt,1,1024,5,4.0108,False,True,1002.491,10027,103,543673,643537,99380,-644021
test2/1024.txt,1,1024,6,5.0135,False,True,999.004,10027,102,119545,667522,528818,-686681
test2/1024.txt,1,1024,7,6.0161999999999995,False,True,1002.387,10027,103,548712,640400,96993,-635095
test2/1024.txt,1,1024,8,7.0188999999999995,False,True,999.055,10027,102,118882,664474,530888,-679178
test2/1024.txt,1,1024,9,8.0216,False,True,1002.485,10027,103,544994,644641,99229,-645059
test2/1024.txt,1,1024,10,9.0243,False,True,998.991,10027,102,120392,666565,527201,-685537
test2/1024.txt,1,1024,11,10.027000000000001,False,True,1002.368,10027,103,549405,639602,96505,-633294
test2/1024.txt,1,1024,12,11.029700000000002,False,True,999.1,10027,102,117028,662792,532964,-675592
test2/1024.txt,1,1024,13,12.032400000000003,False,True,997.113,10027,102,79745,856852,348170,-1285789
test2/1024.txt,1,1024,14,13.035100000000003,False,True,997.577,10027,102,62122,806580,409005,-1142033
test2/1024.txt,1,1024,15,14.037800000000004,False,True,996.166,10027,102,69434,1232010,103457,-2291129
test2/1024.txt,1,1024,16,15.040500000000005,False,True,996.159,10027,102,70498,1238324,101250,-2304900
test2/1024.txt,1,1024,17,16.043200000000006,False,True,996.167,10027,102,68962,1235780,103405,-2299193
test2/1024.txt,1,1024,18,17.045900000000007,False,True,996.16,10027,102,70201,1237252,101405,-2302898
test2/1024.txt,1,1024,19,18.048600000000008,False,True,996.166,10027,102,69490,1237028,103525,-2301041
test2/1024.txt,1,1024,20,19.05130000000001,False,True,996.167,10027,102,69970,1231493,104562,-2288454
test2/1024.txt,1,1024,21,20.05400000000001,False,True,996.16,10027,102,70333,1236061,101845,-2299944
test2/1024.txt,1,1024,22,21.05670000000001,False,True,996.167,10027,102,69565,1234228,104000,-2294891
test2/1024.txt,1,1024,23,22.05940000000001,False,True,996.159,10027,102,70244,1237849,101188,-2304266
test2/1024.txt,1,1024,24,23.06210000000001,False,True,996.163,10027,102,70096,1229293,102661,-2285829
test2/1024.txt,1,1024,25,24.064800000000012,False,True,996.166,10027,102,69970,1225594,103745,-2277473
test2/1024.txt,1,1024,26,25.067500000000013,False,True,996.159,10027,102,70418,1239130,101345,-2306497
test2/1024.txt,1,1024,27,26.070200000000014,False,True,996.166,10027,102,69682,1229101,103429,-2285091
test2/1024.txt,1,1024,28,27.072900000000015,False,True,996.161,10027,102,70657,1235834,102346,-2298665
test2/1024.txt,1,1024,29,28.075600000000016,False,True,996.161,10027,102,69481,1234976,101413,-2299058
test2/1024.txt,1,1024,30,29.078300000000016,False,True,996.162,10027,102,70226,1233130,102260,-2293774
test2/1024.txt,1,1024,31,30.081000000000017,False,True,996.161,10027,102,69940,1237041,101704,-2302438
test2/1024.txt,1,1024,32,31.083700000000018,False,True,996.168,10027,102,69649,1227664,104402,-2281277
test2/1024.txt,1,1024,33,32.08640000000002,False,True,996.162,10027,102,69610,1234161,101818,-2296894
test2/1024.txt,1,1024,34,33.089100000000016,False,True,996.164,10027,102,69536,1232964,102425,-2293967
test2/1024.txt,1,1024,35,34.09180000000001,False,True,996.162,10027,102,70516,1234393,102834,-2295436
test2/1024.txt,1,1024,36,35.09450000000001,False,True,996.157,10027,102,71074,1241125,101257,-2309919
test2/1024.txt,1,1024,37,36.09720000000001,False,True,996.167,10027,102,69649,1228709,103988,-2283781
test2/1024.txt,1,1024,38,37.099900000000005,False,True,996.162,10027,102,70346,1237685,102826,-2302198
test2/1024.txt,1,1024,39,38.1026,False,True,996.162,10027,102,69968,1236937,102449,-2301457
test2/1024.txt,1,1024,40,39.1053,False,True,996.161,10027,102,69700,1234273,101674,-2297172
test2/1024.txt,1,1024,41,40.108,False,True,996.163,10027,102,70024,1234804,102625,-2296959
test2/1024.txt,1,1024,42,41.110699999999994,False,True,996.165,10027,102,69745,1230370,103325,-2287670
test2/1024.txt,1,1024,43,42.11339999999999,False,True,996.158,10027,102,70229,1238161,100904,-2305189
test2/1024.txt,1,1024,44,43.11609999999999,False,True,996.162,10027,102,70898,1235956,103365,-2297649
test2/1024.txt,1,1024,45,44.118799999999986,False,True,996.164,10027,102,69760,1231841,102989,-2290933
test2/1024.txt,1,1024,46,45.12149999999998,False,True,996.161,10027,102,69908,1234442,101665,-2297311
test2/1024.txt,1,1024,47,46.12419999999998,False,True,996.17,10027,102,69425,1228565,105185,-2282520
test2/1024.txt,1,1024,48,47.12689999999998,False,True,996.16,10027,102,69796,1237120,101320,-2303124
test2/1024.txt,1,1024,49,48.129599999999975,False,True,996.165,10027,102,69845,1232996,103241,-2292906
test2/1024.txt,1,1024,50,49.13229999999997,False,True,996.162,10027,102,69866,1234465,102244,-2296820
test2/1024.txt,1,1024,51,50.13499999999997,False,True,996.159,10027,102,71488,1237444,102248,-2301152
test2/1024.txt,1,1024,52,51.13769999999997,False,True,996.166,10027,102,69241,1228165,103300,-2283789
test2/1024.txt,1,1024,53,52.140399999999964,False,True,996.159,10027,102,70666,1235728,101524,-2299266
test2/1024.txt,1,1024,54,53.14309999999996,False,True,996.166,10027,102,68869,1234034,102805,-2296394
test2/1024.txt,1,1024,55,54.14579999999996,False,True,996.166,10027,102,69301,1235620,103456,-2298483
test2/1024.txt,1,1024,56,55.148499999999956,False,True,996.16,10027,102,69877,1237284,101428,-2303263
test2/1024.txt,1,1024,57,56.15119999999995,False,True,996.168,10027,102,68836,1230205,103517,-2288057
test2/1024.txt,1,1024,58,57.15389999999995,False,True,996.159,10027,102,70069,1236177,100825,-2301460
test2/1024.txt,1,1024,59,58.15659999999995,False,True,996.161,10027,102,70625,1228666,102250,-2284457
test2/1024.txt,1,1024,60,59.159299999999945,False,True,996.166,10027,102,70165,1232314,103970,-2290493
test2/1024.txt,1,1024,61,60.16199999999994,False,True,996.163,10027,102,69988,1236232,102596,-2299880
test2/1024.txt,1,1024,62,61.16469999999994,False,True,996.168,10027,102,69385,1229125,104040,-2284825
test2/1024.txt,1,1024,63,62.16739999999994,False,True,996.157,10027,102,70690,1237465,100754,-2303486
test2/1024.txt,1,1024,64,63.170099999999934,False,True,996.166,10027,102,69281,1235221,103450,-2297711
test2/1024.txt,1,1024,65,64.17279999999994,False,True,996.163,10027,102,69858,1236257,102420,-2300236
test2/1024.txt,1,1024,66,65.17549999999994,False,True,996.158,10027,102,70690,1238429,101140,-2305028
test2/1024.txt,1,1024,67,66.17819999999995,True,True,996.166,10027,102,69700,1227410,103508,-2281612
test2/1024.txt,1,1024,68,67.18089999999995,True,True,996.157,10027,102,70522,1236097,100337,-2301335
test2/1024.txt,1,1024,69,68.18359999999996,True,True,996.165,10027,102,69733,1230965,103428,-2288769
test2/1024.txt,1,1024,70,69.18629999999996,True,True,996.162,10027,102,69962,1234845,102337,-2297391
test2/1024.txt,1,1024,71,70.18899999999996,True,True,996.16,10027,102,70100,1235645,101434,-2299756
test2/1024.txt,1,1024,72,71.19169999999997,True,True,996.168,10027,102,69673,1231801,104617,-2289312
test2/1024.txt,1,1024,73,72.19439999999997,True,True,996.157,10027,102,71081,1235237,101201,-2298192
test2/1024.txt,1,1024,74,73.19709999999998,True,True,996.167,10027,102,69653,1228628,104200,-2283403
test2/1024.txt,1,1024,75,74.19979999999998,True,True,996.164,10027,102,70120,1237925,103162,-2302568
test2/1024.txt,1,1024,76,75.20249999999999,True,True,996.161,10027,102,69642,1234346,101417,-2297633
test2/1024.txt,1,1024,77,76.20519999999999,True,True,996.167,10027,102,69448,1230629,103945,-2287865
test2/1024.txt,1,1024,78,77.2079,True,True,996.163,10027,102,70673,1242882,103465,-2311626
test2/1024.txt,1,1024,79,78.2106,True,True,996.166,10027,102,69865,1231240,103837,-2288778
test2/1024.txt,1,1024,80,79.2133,True,True,996.162,10027,102,69604,1235746,101761,-2300127
test2/1024.txt,1,1024,81,80.21600000000001,True,True,996.163,10027,102,69093,1233466,101736,-2296103
test2/1024.txt,1,1024,82,81.21870000000001,True,True,996.168,10027,102,68560,1230689,103714,-2289104
test2/1024.txt,1,1024,83,82.22140000000002,True,True,996.159,10027,102,70600,1237085,101529,-2302041
test2/1024.txt,1,1024,84,83.22410000000002,True,True,996.166,10027,102,69712,1233101,103973,-2292517
test2/1024.txt,1,1024,85,84.22680000000003,True,True,996.161,10027,102,70228,1237789,101957,-2303393
test2/1024.txt,1,1024,86,85.22950000000003,True,True,996.163,10027,102,69394,1239397,102341,-2307059
test2/1024.txt,1,1024,87,86.23220000000003,True,True,996.167,10027,102,68962,1234490,103717,-2296301
test2/1024.txt,1,1024,88,87.23490000000004,True,True,996.159,10027,102,70069,1238353,101074,-2305563
test2/1024.txt,1,1024,89,88.23760000000004,True,True,996.164,10027,102,70289,1233801,103338,-2293975
test2/1024.txt,1,1024,90,89.24030000000005,True,True,996.159,10027,102,70354,1240132,101165,-2308745
test2/1024.txt,1,1024,91,90.24300000000005,True,True,996.163,10027,102,70450,1232100,103085,-2290665
test2/1024.txt,1,1024,92,91.24570000000006,True,True,996.167,10027,102,69250,1230722,103853,-2288341
test2/1024.txt,1,1024,93,92.24840000000006,True,True,996.155,10027,102,71108,1238242,100085,-2305291
test2/1024.txt,1,1024,94,93.25110000000006,True,True,996.166,10027,102,70020,1230154,104074,-2286214
test2/1024.txt,1,1024,95,94.25380000000007,True,True,996.16,10027,102,70925,1232981,101933,-2293104
test2/1024.txt,1,1024,96,95.25650000000007,True,True,996.164,10027,102,70120,1231700,103105,-2290175
test2/1024.txt,1,1024,97,96.25920000000008,True,True,996.167,10027,102,69185,1230633,103760,-2288321
test2/1024.txt,1,1024,98,97.26190000000008,True,True,996.161,10027,102,70285,1237141,102154,-2301843
test2/1024.txt,1,1024,99,98.26460000000009,True,True,996.167,10027,102,69428,1230586,103969,-2287775
test2/1024.txt,1,1024,100,99.26730000000009,True,True,996.163,10027,102,68858,1238282,101826,-2305880
test2/1024.txt,1,1024,101,100.2700000000001,True,True,996.164,10027,102,69800,1238965,103060,-2305070
test2/1024.txt,1,1024,102,101.2727000000001,True,True,996.166,10027,102,69605,1234250,103685,-2295210
test2/1024.txt,1,1024,103,102.2754000000001,True,True,996.158,10027,102,71056,1237905,101322,-2303432
test2/1024.txt,1,1024,104,103.27810000000011,True,True,996.169,10027,102,69417,1226074,104738,-2277993
test2/1024.txt,1,1024,105,104.28080000000011,True,True,996.161,10027,102,69885,1236944,101813,-2302190
test2/1024.txt,1,1024,106,105.28350000000012,True,True,996.165,10027,102,69156,1233538,102917,-2295003
test2/1024.txt,1,1024,107,106.28620000000012,True,True,996.163,10027,102,69577,1229013,102164,-2286285
test2/1024.txt,1,1024,108,107.28890000000013,True,True,996.161,10027,102,70109,1236185,101700,-2300561
test2/1024.txt,1,1024,109,108.29160000000013,True,True,996.165,10027,102,69290,1232233,102632,-2292544
test2/1024.txt,1,1024,110,109.29430000000013,True,True,996.16,10027,102,69668,1240373,101284,-2309794
test2/1024.txt,1,1024,111,110.29700000000014,True,True,996.161,10027,102,70144,1235365,102122,-2298464
test2/1024.txt,1,1024,112,111.29970000000014,True,True,996.164,10027,102,70066,1231273,102965,-2289515
test2/1024.txt,1,1024,113,112.30240000000015,True,True,996.159,10027,102,70856,1237058,101813,-2301447
test2/1024.txt,1,1024,114,113.30510000000015,True,True,996.167,10027,102,69298,1227977,103690,-2282966
test2/1024.txt,1,1024,115,114.30780000000016,True,True,996.161,10027,102,70225,1236541,102089,-2300768
test2/1024.txt,1,1024,116,115.31050000000016,True,True,996.163,10027,102,70352,1232073,103122,-2290672
test2/1024.txt,2,2048,1,0,True,True,997.828,15675,204,20761,268930,226946,-290153
test2/1024.txt,2,2048,2,1.0048,True,True,997.277,10048,204,33444,289053,200360,-344302
test2/2048.txt,1,2048,1,0,False,True,997.87,224186,204,21169,268129,229225,-285864
test2/2048.txt,1,2048,2,1.0048,False,True,999.343,10048,205,230452,279225,32905,-295093
test2/2048.txt,1,2048,3,2.0096,False,True,999.346,10048,205,230290,279425,32328,-296232
test2/2048.txt,1,2048,4,3.0143999999999997,False,True,997.878,10048,204,21320,267914,229562,-284946
test2/2048.txt,1,2048,5,4.0192,False,True,999.515,10048,205,228322,299912,14354,-357148
test2/2048.txt,1,2048,6,5.023999999999999,False,True,1000.125,10048,205,188105,333353,32233,-446368
test2/2048.txt,1,2048,7,6.028799999999999,False,True,1000.118,10048,205,189025,334100,31460,-447715
test2/2048.txt,1,2048,8,7.033599999999998,False,True,1000.118,10048,205,188833,333076,32045,-445274
test2/2048.txt,1,2048,9,8.038399999999998,False,True,1000.121,10048,205,189341,334625,32301,-447608
test2/2048.txt,1,2048,10,9.043199999999997,False,True,1000.119,10048,205,189241,334265,31986,-447303
test2/2048.txt,1,2048,11,10.047999999999996,False,True,1000.14,10048,205,187076,335417,32245,-451513
test2/2048.txt,1,2048,12,11.052799999999996,False,True,1000.121,10048,205,189509,334660,32596,-447215
test2/2048.txt,1,2048,13,12.057599999999995,False,True,1000.12,10048,205,188948,334429,31322,-448588
test2/2048.txt,1,2048,14,13.062399999999995,False,True,1000.115,10048,205,189369,333460,31904,-445647
test2/2048.txt,1,2048,15,14.067199999999994,False,True,1000.118,10048,205,188633,333401,31376,-446793
test2/2048.txt,1,2048,16,15.071999999999994,False,True,1000.12,10048,205,188866,333945,31816,-447208
test2/2048.txt,1,2048,17,16.076799999999995,False,True,1000.113,10048,205,188665,332042,31466,-443953
test2/2048.txt,1,2048,18,17.081599999999995,False,True,1000.115,10048,205,189250,333010,32057,-444713
test2/2048.txt,1,2048,19,18.086399999999994,False,True,1000.118,10048,205,189242,333954,31858,-446808
test2/2048.txt,1,2048,20,19.091199999999994,False,True,1000.119,10048,205,188885,333472,31985,-446074
test2/2048.txt,1,2048,21,20.095999999999993,False,True,1000.12,10048,205,189293,335066,31428,-449411
test2/2048.txt,1,2048,22,21.100799999999992,False,True,1000.111,10048,205,189713,333008,32017,-444286
test2/2048.txt,1,2048,23,22.105599999999992,False,True,1000.134,10048,205,188240,335729,32500,-450718
test2/2048.txt,1,2048,24,23.11039999999999,False,True,1000.123,10048,205,188240,332866,32386,-445106
test2/2048.txt,1,2048,25,24.11519999999999,False,True,1000.112,10048,205,189652,333194,31909,-444827
test2/2048.txt,1,2048,26,25.11999999999999,False,True,1000.125,10048,205,188500,334757,31428,-449586
test2/2048.txt,1,2048,27,26.12479999999999,False,True,1000.115,10048,205,189124,333160,31741,-445455
test2/2048.txt,1,2048,28,27.12959999999999,False,True,1000.125,10048,205,188381,334570,31601,-449158
test2/2048.txt,1,2048,29,28.13439999999999,False,True,1000.111,10048,205,190112,334100,31685,-446403
test2/2048.txt,1,2048,30,29.139199999999988,False,True,1000.117,10048,205,187673,331330,31250,-443737
test2/2048.txt,1,2048,31,30.143999999999988,False,True,1000.121,10048,205,188609,333265,32288,-445633
test2/2048.txt,1,2048,32,31.148799999999987,False,True,1000.127,10048,205,188260,333988,32345,-447371
test2/2048.txt,1,2048,33,32.15359999999999,False,True,1000.104,10048,205,190333,332800,31705,-443562
test2/2048.txt,1,2048,34,33.15839999999999,False,True,1000.115,10048,205,189076,333217,31613,-445745
test2/2048.txt,1,2048,35,34.163199999999996,False,True,1000.124,10048,205,188173,333890,31492,-448115
test2/2048.txt,1,2048,36,35.168,False,True,1000.125,10048,205,188429,333873,32245,-447072
test2/2048.txt,1,2048,37,36.1728,False,True,1000.116,10048,205,189241,333341,31986,-445455
test2/2048.txt,1,2048,38,37.177600000000005,False,True,1000.121,10048,205,188944,333864,32233,-446551
test2/2048.txt,1,2048,39,38.18240000000001,False,True,1000.114,10048,205,188928,332953,31417,-445561
test2/2048.txt,1,2048,40,39.18720000000001,False,True,1000.123,10048,205,187633,332032,32057,-444374
test2/2048.txt,1,2048,41,40.192000000000014,False,True,1000.111,10048,205,189666,333170,31760,-444914
test2/2048.txt,1,2048,42,41.19680000000002,False,True,1000.11,10048,205,189892,333065,31925,-444313
test2/2048.txt,1,2048,43,42.20160000000002,False,True,1000.121,10048,205,188569,333338,32000,-446107
test2/2048.txt,1,2048,44,43.20640000000002,False,True,1000.118,10048,205,188240,331970,32105,-443595
test2/2048.txt,1,2048,45,44.21120000000003,False,True,1000.131,10048,205,188065,335012,32045,-449914
test2/2048.txt,1,2048,46,45.21600000000003,False,True,1000.12,10048,205,188362,333001,31865,-445775
test2/2048.txt,1,2048,47,46.22080000000003,False,True,1000.123,10048,205,188586,334265,31690,-448254
test2/2048.txt,1,2048,48,47.225600000000036,False,True,1000.119,10048,205,188653,333314,31714,-446261
test2/2048.txt,1,2048,49,48.23040000000004,False,True,1000.127,10048,205,187850,333765,31693,-447987
test2/2048.txt,1,2048,50,49.23520000000004,True,True,1000.124,10048,205,189089,334912,32330,-448405
test2/2048.txt,1,2048,51,50.240000000000045,True,True,1000.117,10048,205,188756,332560,32105,-444259
test2/2048.txt,1,2048,52,51.24480000000005,True,True,1000.116,10048,205,189554,333810,32132,-445934
test2/2048.txt,1,2048,53,52.24960000000005,True,True,1000.119,10048,205,189125,333889,32042,-446611
test2/2048.txt,1,2048,54,53.254400000000054,True,True,1000.124,10048,205,188260,333968,31688,-447988
test2/2048.txt,1,2048,55,54.25920000000006,True,True,1000.121,10048,205,188737,333689,32050,-446591
test2/2048.txt,1,2048,56,55.26400000000006,True,True,1000.117,10048,205,189137,333805,31513,-446960
test2/2048.txt,1,2048,57,56.26880000000006,True,True,1000.127,10048,205,188032,333882,32045,-447687
test2/2048.txt,1,2048,58,57.273600000000066,True,True,1000.132,10048,205,188162,335114,32393,-449673
test2/2048.txt,1,2048,59,58.27840000000007,True,True,1000.113,10048,205,189674,333625,31858,-445718
test2/2048.txt,1,2048,60,59.28320000000007,True,True,1000.123,10048,205,188240,333972,31184,-448520
test2/2048.txt,1,2048,61,60.288000000000075,True,True,1000.123,10048,205,188513,333625,32210,-446527
test2/2048.txt,1,2048,62,61.29280000000008,True,True,1000.115,10048,205,189380,333376,32141,-445231
test2/2048.txt,1,2048,63,62.29760000000008,True,True,1000.121,10048,205,189461,335485,31720,-449789
test2/2048.txt,1,2048,64,63.302400000000084,True,True,1000.115,10048,205,188753,332404,31858,-444197
test2/2048.txt,1,2048,65,64.30720000000008,True,True,1000.122,10048,205,188921,334890,31421,-449438
test2/2048.txt,1,2048,66,65.31200000000008,True,True,1000.127,10048,205,188360,334548,32113,-448623
test2/2048.txt,1,2048,67,66.31680000000009,True,True,1000.121,10048,205,189137,334580,32009,-448014
test2/2048.txt,1,2048,68,67.32160000000009,True,True,1000.136,10048,205,187850,335738,32261,-451365
test2/2048.txt,1,2048,69,68.32640000000009,True,True,1000.119,10048,205,188260,331981,32360,-443342
test2/2048.txt,1,2048,70,69.3312000000001,True,True,1000.106,10048,205,190530,333572,31824,-444790
test2/2048.txt,1,2048,71,70.3360000000001,True,True,1000.12,10048,205,189554,334714,32272,-447602
test2/2048.txt,1,2048,72,71.3408000000001,True,True,1000.116,10048,205,188840,332737,31805,-444829
test2/2048.txt,1,2048,73,72.3456000000001,True,True,1000.115,10048,205,189089,333329,31585,-445984
test2/2048.txt,1,2048,74,73.3504000000001,True,True,1000.127,10048,205,187241,332677,31610,-446503
test2/2048.txt,1,2048,75,74.35520000000011,True,True,1000.115,10048,205,189137,332665,32449,-443744
test2/2048.txt,1,2048,76,75.36000000000011,True,True,1000.122,10048,205,189337,335101,32125,-448740
test2/2048.txt,1,2048,77,76.36480000000012,True,True,1000.12,10048,205,189041,334090,31921,-447218
test2/2048.txt,1,2048,78,77.36960000000012,True,True,1000.103,10048,205,190489,333216,31268,-444675
test2/2048.txt,1,2048,79,78.37440000000012,True,True,1000.125,10048,205,188737,334900,31925,-449138
test2/2048.txt,1,2048,80,79.37920000000013,True,True,1000.12,10048,205,188960,333856,32000,-446752
test2/2048.txt,1,2048,81,80.38400000000013,True,True,1000.127,10048,205,188240,334529,31810,-449008
test2/2048.txt,1,2048,82,81.38880000000013,True,True,1000.102,10048,205,190525,333028,31300,-444231
test2/2048.txt,1,2048,83,82.39360000000013,True,True,1000.132,10048,205,188525,335682,32449,-450390
test2/2048.txt,1,2048,84,83.39840000000014,True,True,1000.13,10048,205,188162,334850,32045,-449493
test2/2048.txt,1,2048,85,84.40320000000014,True,True,1000.12,10048,205,188721,333268,32301,-445514
test2/2048.txt,1,2048,86,85.40800000000014,True,True,1000.129,10048,205,188101,334714,31986,-449341
test2/2048.txt,1,2048,87,86.41280000000015,True,True,1000.132,10048,205,187690,334426,32129,-449033
test2/2048.txt,1,2048,88,87.41760000000015,True,True,1000.111,10048,205,190737,334340,32596,-445347
test2/2048.txt,1,2048,89,88.42240000000015,True,True,1000.107,10048,205,189010,330472,32089,-439845
test2/2048.txt,1,2048,90,89.42720000000016,True,True,1000.121,10048,205,189125,334729,31705,-448628
test2/2048.txt,1,2048,91,90.43200000000016,True,True,1000.113,10048,205,189045,332945,31376,-445469
test2/2048.txt,1,2048,92,91.43680000000016,True,True,1000.124,10048,205,188609,333945,32266,-447015
test2/2048.txt,1,2048,93,92.44160000000016,True,True,1000.125,10048,205,187409,332042,32229,-444446
test2/2048.txt,1,2048,94,93.44640000000017,True,True,1000.133,10048,205,187505,334148,32416,-448375
test2/2048.txt,1,2048,95,94.45120000000017,True,True,1000.119,10048,205,188500,332960,31905,-445515
test2/2048.txt,1,2048,96,95.45600000000017,True,True,1000.12,10048,205,188289,332674,31888,-445171
test2/2048.txt,1,2048,97,96.46080000000018,True,True,1000.113,10048,205,189650,333425,31898,-445302
test2/2048.txt,1,2048,98,97.46560000000018,True,True,1000.116,10048,205,189713,334244,32017,-446758
test2/2048.txt,1,2048,99,98.47040000000018,True,True,1000.128,10048,205,188240,334610,31914,-449066
test2/256.txt,1,256,1,0,False,True,1012.48,356016,26,299485,945893,51304,-1540997
test2/256.txt,1,256,2,1.001,False,True,1010.181,10010,26,402049,831645,70009,-1191232
test2/256.txt,1,256,3,2.002,False,True,1012.314,10010,26,324917,929312,78112,-1455595
test2/256.txt,1,256,4,3.0029999999999997,False,True,1011.886,10010,26,338868,904657,70933,-1399513
test2/256.txt,1,256,5,4.004,False,True,1010.489,10010,26,394225,842530,74273,-1216562
test2/256.txt,1,256,6,5.004999999999999,False,True,1012.318,10010,26,305224,935953,48052,-1518630
test2/256.txt,1,256,7,6.0059999999999985,False,True,1010.461,10010,26,393601,839626,72914,-1212737
test2/256.txt,1,256,8,7.006999999999998,False,True,1012.127,10010,26,329953,915737,74306,-1427215
test2/256.txt,1,256,9,8.007999999999997,False,True,1012.183,10010,26,328708,920530,75413,-1436939
test2/256.txt,1,256,10,9.008999999999997,False,True,1010.46,10010,26,393858,840946,72353,-1215681
test2/256.txt,1,256,11,10.009999999999996,False,True,1012.341,10010,26,304993,936314,49778,-1517857
test2/256.txt,1,256,12,11.010999999999996,False,True,1010.419,10010,26,395642,839456,73044,-1210226
test2/256.txt,1,256,13,12.011999999999995,False,True,1011.878,10010,26,340034,905525,71540,-1399476
test2/256.txt,1,256,14,13.012999999999995,False,True,1012.347,10010,26,321773,928489,76960,-1458245
test2/256.txt,1,256,15,14.013999999999994,False,True,1010.136,10010,26,405058,832273,71009,-1188479
test2/256.txt,1,256,16,15.014999999999993,False,True,1012.484,10010,26,300680,951386,51208,-1550884
test2/256.txt,1,256,17,16.015999999999995,False,True,1010.104,10010,26,404201,828245,69921,-1182368
test2/256.txt,1,256,18,17.016999999999996,False,True,1011.854,10010,26,340850,904034,71321,-1395897
test2/256.txt,1,256,19,18.017999999999997,False,True,1012.311,10010,26,324853,931621,76810,-1461579
test2/256.txt,1,256,20,19.019,False,True,1009.834,10010,26,410656,817034,68029,-1155383
test2/256.txt,1,256,21,20.02,False,True,1012.7,10010,26,291069,961501,54869,-1577064
test2/256.txt,1,256,22,21.021,False,True,1009.83,10010,26,410473,817562,66980,-1157671
test2/256.txt,1,256,23,22.022000000000002,False,True,1012.079,10010,26,332176,913768,74069,-1421291
test2/256.txt,1,256,24,23.023000000000003,False,True,1012.134,10010,26,330802,918952,74761,-1432341
test2/256.txt,1,256,25,24.024000000000004,False,True,1009.718,10010,26,414697,816400,66365,-1151738
test2/256.txt,1,256,26,25.025000000000006,False,True,1012.704,10010,26,291920,968557,53885,-1591309
test2/256.txt,1,256,27,26.026000000000007,False,True,1009.74,10010,26,413362,816808,65357,-1154897
test2/256.txt,1,256,28,27.027000000000008,False,True,1012.23,10010,26,327652,925202,76122,-1446630
test2/256.txt,1,256,29,28.02800000000001,False,True,1012.203,10010,26,328232,922090,75850,-1440098
test2/256.txt,1,256,30,29.02900000000001,False,True,1010.032,10010,26,404449,823421,68129,-1174264
test2/256.txt,1,256,31,30.030000000000012,False,True,1012.574,10010,26,296753,956420,52490,-1563597
test2/256.txt,1,256,32,31.031000000000013,False,True,1010.032,10010,26,405652,826164,68130,-1178546
test2/256.txt,1,256,33,32.03200000000001,False,True,1010.301,10010,26,399825,836468,72505,-1200606
test2/256.txt,1,256,34,33.03300000000001,False,True,1009.943,10010,26,407450,820898,68116,-1166230
test2/256.txt,1,256,35,34.034000000000006,False,True,1010.377,10010,26,395933,835577,72781,-1202440
test2/256.txt,1,256,36,35.035000000000004,False,True,1009.907,10010,26,409760,823082,67541,-1168863
test2/256.txt,1,256,37,36.036,False,True,1010.343,10010,26,398053,836765,72733,-1202744
test2/256.txt,1,256,38,37.037,False,True,1009.869,10010,26,410042,819481,67840,-1161080
test2/256.txt,1,256,39,38.038,False,True,1010.392,10010,26,397169,840874,72313,-1212266
test2/256.txt,1,256,40,39.038999999999994,False,True,1009.927,10010,26,409338,823378,68164,-1169254
test2/256.txt,1,256,41,40.03999999999999,False,True,1010.371,10010,26,396488,837460,71865,-1206567
test2/256.txt,1,256,42,41.04099999999999,False,True,1009.936,10010,26,408040,821426,68170,-1166642
test2/256.txt,1,256,43,42.04199999999999,False,True,1010.368,10010,26,396100,836381,71730,-1204932
test2/256.txt,1,256,44,43.042999999999985,False,True,1009.856,10010,26,409613,818649,66674,-1161011
test2/256.txt,1,256,45,44.04399999999998,False,True,1010.433,10010,26,396232,843956,71968,-1219712
test2/256.txt,1,256,46,45.04499999999998,False,True,1009.891,10010,26,409348,820033,67961,-1162757
test2/256.txt,1,256,47,46.04599999999998,False,True,1010.393,10010,26,396884,839434,72981,-1209003
test2/256.txt,1,256,48,47.046999999999976,False,True,1009.836,10010,26,410624,819425,66193,-1162033
test2/256.txt,1,256,49,48.04799999999997,False,True,1010.454,10010,26,394285,839732,73441,-1211738
test2/256.txt,1,256,50,49.04899999999997,False,True,1009.821,10010,26,411106,817792,67145,-1157333
test2/256.txt,1,256,51,50.04999999999997,False,True,1010.397,10010,26,397261,840914,72925,-1211642
test2/256.txt,1,256,52,51.050999999999966,False,True,1009.831,10010,26,410882,819025,66564,-1160604
test2/256.txt,1,256,53,52.051999999999964,False,True,1010.45,10010,26,395645,843085,73000,-1217525
test2/256.txt,1,256,54,53.05299999999996,False,True,1009.82,10010,26,411025,817616,67117,-1157090
test2/256.txt,1,256,55,54.05399999999996,False,True,1010.439,10010,26,395785,842570,72685,-1216670
test2/256.txt,1,256,56,55.05499999999996,False,True,1009.797,10010,26,411722,817258,66733,-1156061
test2/256.txt,1,256,57,56.055999999999955,False,True,1010.408,10010,26,396482,841069,72400,-1213256
test2/256.txt,1,256,58,57.05699999999995,False,True,1009.78,10010,26,411716,815897,66449,-1153629
test2/256.txt,1,256,59,58.05799999999995,True,True,1010.48,10010,26,395154,844281,73861,-1219547
test2/256.txt,1,256,60,59.05899999999995,True,True,1009.743,10010,26,413200,816301,65701,-1153701
test2/256.txt,1,256,61,60.059999999999945,True,True,1010.486,10010,26,394225,841585,74737,-1214208
test2/256.txt,1,256,62,61.06099999999994,True,True,1009.775,10010,26,411394,815137,66114,-1152766
test2/256.txt,1,256,63,62.06199999999994,True,True,1010.518,10010,26,392813,843181,73849,-1219700
test2/256.txt,1,256,64,63.06299999999994,True,True,1009.728,10010,26,412777,813620,65960,-1148503
test2/256.txt,1,256,65,64.06399999999994,True,True,1010.539,10010,26,393049,845450,74425,-1223426
test2/256.txt,1,256,66,65.06499999999994,True,True,1009.816,10010,26,410660,817597,66125,-1158409
test2/256.txt,1,256,67,66.06599999999995,True,True,1010.51,10010,26,393588,844229,73781,-1221089
test2/256.txt,1,256,68,67.06699999999995,True,True,1009.756,10010,26,413045,817396,65602,-1156145
test2/256.txt,1,256,69,68.06799999999996,True,True,1010.481,10010,26,393354,841232,73013,-1216097
test2/256.txt,1,256,70,69.06899999999996,True,True,1009.759,10010,26,413153,817525,65981,-1155916
test2/256.txt,1,256,71,70.06999999999996,True,True,1010.499,10010,26,393865,842753,74320,-1217321
test2/256.txt,1,256,72,71.07099999999997,True,True,1009.733,10010,26,413426,815776,65729,-1152397
test2/256.txt,1,256,73,72.07199999999997,True,True,1010.514,10010,26,393689,845188,73597,-1223090
test2/256.txt,1,256,74,73.07299999999998,True,True,1009.759,10010,26,413530,818666,65700,-1158102
test2/256.txt,1,256,75,74.07399999999998,True,True,1010.556,10010,26,392509,846045,74521,-1225060
test2/256.txt,1,256,76,75.07499999999999,True,True,1009.725,10010,26,413450,814994,65801,-1150737
test2/256.txt,1,256,77,76.076,True,True,1010.547,10010,26,391829,844586,73618,-1223725
test2/256.txt,1,256,78,77.077,True,True,1009.729,10010,26,412960,815105,65137,-1152113
test2/256.txt,1,256,79,78.078,True,True,1010.528,10010,26,393229,844025,74845,-1219976
test2/256.txt,1,256,80,79.07900000000001,True,True,1009.77,10010,26,412180,816749,65700,-1155618
test2/256.txt,1,256,81,80.08000000000001,True,True,1010.512,10010,26,393469,843929,73925,-1220464
test2/256.txt,1,256,82,81.08100000000002,True,True,1009.752,10010,26,413029,815893,66530,-1152227
test2/256.txt,1,256,83,82.08200000000002,True,True,1010.499,10010,26,392330,841850,72405,-1218965
test2/256.txt,1,256,84,83.08300000000003,True,True,1009.743,10010,26,413530,816389,66250,-1152998
test2/256.txt,1,256,85,84.08400000000003,True,True,1010.51,10010,26,392465,841693,73665,-1217256
test2/256.txt,1,256,86,85.08500000000004,True,True,1009.726,10010,26,413797,815137,66389,-1150088
test2/256.txt,1,256,87,86.08600000000004,True,True,1010.473,10010,26,396557,846352,74205,-1221942
test2/256.txt,1,256,88,87.08700000000005,True,True,1009.731,10010,26,414586,817106,66586,-1153040
test2/256.txt,1,256,89,88.08800000000005,True,True,1010.509,10010,26,393209,843001,73933,-1218860
test2/256.txt,1,256,90,89.08900000000006,True,True,1009.744,10010,26,412453,815337,65266,-1152955
test2/256.txt,1,256,91,90.09000000000006,True,True,1010.51,10010,26,393733,844001,74210,-1220059
test2/256.txt,1,256,92,91.09100000000007,True,True,1009.706,10010,26,414250,814610,66052,-1148918
test2/256.txt,1,256,93,92.09200000000007,True,True,1010.51,10010,26,392500,841058,74125,-1215491
test2/256.txt,1,256,94,93.09300000000007,True,True,1009.745,10010,26,414196,817393,66797,-1153793
test2/256.txt,1,256,95,94.09400000000008,True,True,1010.485,10010,26,393445,841633,73252,-1216569
test2/256.txt,1,256,96,95.09500000000008,True,True,1009.762,10010,26,413001,817825,65700,-1156949
test2/256.txt,1,256,97,96.09600000000009,True,True,1010.491,10010,26,392085,839761,72781,-1214656
test2/256.txt,1,256,98,97.0970000000001,True,True,1009.796,10010,26,411012,816181,66260,-1155090
test2/256.txt,1,256,99,98.0980000000001,True,True,1010.45,10010,26,393640,839824,71941,-1214067
test2/256.txt,1,256,100,99.0990000000001,True,True,1009.828,10010,26,409853,816073,66901,-1155392
test2/256.txt,1,256,101,100.10000000000011,True,True,1010.422,10010,26,396097,842410,71945,-1216778
test2/256.txt,1,256,102,101.10100000000011,True,True,1009.808,10010,26,411221,817130,66874,-1156165
test2/256.txt,1,256,103,102.10200000000012,True,True,1010.443,10010,26,394789,839345,73681,-1210220
test2/256.txt,1,256,104,103.10300000000012,True,True,1009.816,10010,26,411317,818309,66725,-1158576
test2/256.txt,1,256,105,104.10400000000013,True,True,1010.468,10010,26,393401,839816,73021,-1213210
test2/256.txt,1,256,106,105.10500000000013,True,True,1009.822,10010,26,411140,817945,67157,-1157593
test2/256.txt,1,256,107,106.10600000000014,True,True,1010.368,10010,26,397106,837556,72661,-1205345
test2/256.txt,1,256,108,107.10700000000014,True,True,1009.847,10010,26,411205,821749,66197,-1166096
test2/64.txt,1,64,1,0,False,True,954.95,367528,6,54773,879925,356085,-1348992
test2/64.txt,1,64,2,1.0006,False,True,948.946,10006,6,79720,965273,306050,-1544776
test2/64.txt,1,64,3,2.0012,False,True,948.716,10006,6,81332,968584,304109,-1551727
test2/64.txt,1,64,4,3.0018,False,True,954.916,10006,6,54536,876724,354289,-1344623
test2/64.txt,1,64,5,4.0024,False,True,952.759,10006,6,62725,909632,339497,-1417042
test2/64.txt,1,64,6,5.003,False,True,947.656,10006,6,86138,986717,293362,-1593934
test2/64.txt,1,64,7,6.0036000000000005,False,True,951.06,10006,6,71305,936328,327178,-1474173
test2/64.txt,1,64,8,7.004200000000001,False,True,955.702,10006,6,51940,866938,359945,-1321991
test2/64.txt,1,64,9,8.004800000000001,False,True,955.778,10006,6,52154,869672,362165,-1325025
test2/64.txt,1,64,10,9.005400000000002,False,True,951.403,10006,6,68921,922189,326745,-1448712
test2/64.txt,1,64,11,10.006000000000002,False,True,947.746,10006,6,85648,992525,295954,-1603448
test2/64.txt,1,64,12,11.006600000000002,False,True,952.711,10006,6,63002,904009,337130,-1407886
test2/64.txt,1,64,13,12.007200000000003,False,True,955.203,10006,6,54545,879125,359209,-1344496
test2/64.txt,1,64,14,13.007800000000003,False,True,948.902,10006,6,79469,963386,304621,-1542682
test2/64.txt,1,64,15,14.008400000000004,False,True,948.799,10006,6,81097,973514,306626,-1559305
test2/64.txt,1,64,16,15.009000000000004,False,True,948.214,10006,6,84164,976873,299498,-1570084
test2/64.txt,1,64,17,16.009600000000002,False,True,953.875,10006,6,57818,892737,347170,-1380486
test2/64.txt,1,64,18,17.0102,False,True,953.995,10006,6,57770,887428,347040,-1370046
test2/64.txt,1,64,19,18.0108,False,True,948.163,10006,6,84250,981922,299876,-1579718
test2/64.txt,1,64,20,19.0114,False,True,949.968,10006,6,74450,947385,314740,-1505580
test2/64.txt,1,64,21,20.011999999999997,False,True,955.555,10006,6,52594,872570,360452,-1332094
test2/64.txt,1,64,22,21.012599999999996,False,True,951.341,10006,6,67600,925625,325873,-1457777
test2/64.txt,1,64,23,22.013199999999994,False,True,952.318,10006,6,64276,915637,335746,-1431252
test2/64.txt,1,64,24,23.013799999999993,False,True,947.663,10006,6,85796,990005,293977,-1600237
test2/64.txt,1,64,25,24.01439999999999,False,True,951.305,10006,6,68744,928100,326842,-1460614
test2/64.txt,1,64,26,25.01499999999999,False,True,955.499,10006,6,52313,872573,359504,-1333329
test2/64.txt,1,64,27,26.01559999999999,False,True,949.942,10006,6,76148,948634,315880,-1505240
test2/64.txt,1,64,28,27.016199999999987,False,True,948.131,10006,6,84269,980930,299077,-1578514
test2/64.txt,1,64,29,28.016799999999986,False,True,953.868,10006,6,57465,894097,347309,-1383420
test2/64.txt,1,64,30,29.017399999999984,False,True,953.082,10006,6,62305,905780,342833,-1406422
test2/64.txt,1,64,31,30.017999999999983,False,True,955.05,10006,6,54322,880244,357332,-1348834
test2/64.txt,1,64,32,31.01859999999998,False,True,948.793,10006,6,80360,972689,305764,-1559254
test2/64.txt,1,64,33,32.019199999999984,False,True,949.135,10006,6,78997,964685,308626,-1541747
test2/64.txt,1,64,34,33.01979999999998,False,True,955.008,10006,6,53012,879632,355688,-1350564
test2/64.txt,1,64,35,34.02039999999998,False,True,952.62,10006,6,64129,910586,338650,-1418393
test2/64.txt,1,64,36,35.02099999999998,False,True,947.722,10006,6,86122,990314,295370,-1599136
test2/64.txt,1,64,37,36.02159999999998,False,True,947.876,10006,6,85817,980218,295552,-1579067
test2/64.txt,1,64,38,37.02219999999998,False,True,950.35,10006,6,73165,942580,318784,-1493211
test2/64.txt,1,64,39,38.022799999999975,False,True,955.691,10006,6,52424,869618,361120,-1325692
test2/64.txt,1,64,40,39.023399999999974,False,True,951.118,10006,6,69704,932105,325730,-1468776
test2/64.txt,1,64,41,40.02399999999997,False,True,947.717,10006,6,86404,985969,294482,-1591052
test2/64.txt,1,64,42,41.02459999999997,False,True,952.751,10006,6,63298,903312,337705,-1405621
test2/64.txt,1,64,43,42.02519999999997,False,True,955.02,10006,6,53890,876145,355130,-1343270
test2/64.txt,1,64,44,43.02579999999997,False,True,949.053,10006,6,80506,965273,308477,-1541563
test2/64.txt,1,64,45,44.02639999999997,False,True,949.666,10006,6,77125,954985,313700,-1519145
test2/64.txt,1,64,46,45.026999999999965,False,True,948.145,10006,6,82945,980109,298125,-1579148
test2/64.txt,1,64,47,46.027599999999964,False,True,954.204,10006,6,56257,885169,348290,-1365791
test2/64.txt,1,64,48,47.02819999999996,False,True,953.68,10006,6,58708,892820,344929,-1382003
test2/64.txt,1,64,49,48.02879999999996,False,True,948.051,10006,6,84096,983144,298048,-1584144
test2/64.txt,1,64,50,49.02939999999996,False,True,950.07,10006,6,73973,946448,315817,-1503106
test2/64.txt,1,64,51,50.02999999999996,False,True,955.415,10006,6,52154,870388,357425,-1331197
test2/64.txt,1,64,52,51.03059999999996,False,True,952.727,10006,6,82372,908308,351821,-1382423
test2/64.txt,1,64,53,52.031199999999956,False,True,960.866,10006,6,55633,823225,409082,-1181735
test2/64.txt,1,64,54,53.031799999999954,False,True,958.625,10006,6,61933,836650,391725,-1219642
test2/64.txt,1,64,55,54.03239999999995,False,True,951.453,10006,6,87506,921922,340402,-1415936
test2/64.txt,1,64,56,55.03299999999995,False,True,954.796,10006,6,74161,882965,367380,-1324389
test2/64.txt,1,64,57,56.03359999999995,False,True,961.737,10006,6,52708,810305,411473,-1156429
test2/64.txt,1,64,58,57.03419999999995,False,True,955.781,10006,6,71656,870809,374740,-1295222
test2/64.txt,1,64,59,58.03479999999995,False,True,951.369,10006,6,88513,925825,340994,-1422143
test2/64.txt,1,64,60,59.035399999999946,False,True,957.18,10006,6,66265,851981,382474,-1255223
test2/64.txt,1,64,61,60.035999999999945,False,True,961.258,10006,6,54289,811665,407522,-1161519
test2/64.txt,1,64,62,61.03659999999994,False,True,953.672,10006,6,79817,896725,360025,-1353608
test2/64.txt,1,64,63,62.03719999999994,False,True,952.095,10006,6,84682,913945,345760,-1397448
test2/64.txt,1,64,64,63.03779999999994,False,True,959.886,10006,6,59200,829076,402137,-1196815
test2/64.txt,1,64,65,64.03839999999994,False,True,959.672,10006,6,58865,829205,399457,-1200088
test2/64.txt,1,64,66,65.03899999999994,False,True,952.071,10006,6,85556,914418,346138,-1397142
test2/64.txt,1,64,67,66.03959999999995,False,True,953.783,10006,6,78761,893489,359809,-1348408
test2/64.txt,1,64,68,67.04019999999996,False,True,961.708,10006,6,54290,812170,412861,-1157189
test2/64.txt,1,64,69,68.04079999999996,False,True,957.028,10006,6,66568,852961,381089,-1258265
test2/64.txt,1,64,70,69.04139999999997,False,True,951.297,10006,6,88520,924953,339620,-1421766
test2/64.txt,1,64,71,70.04199999999997,False,True,956.116,10006,6,70713,864513,376225,-1282088
test2/64.txt,1,64,72,71.04259999999998,False,True,961.701,10006,6,53465,807365,410081,-1151184
test2/64.txt,1,64,73,72.04319999999998,False,True,954.609,10006,6,76453,884322,366733,-1325458
test2/64.txt,1,64,74,73.04379999999999,False,True,951.501,10006,6,88345,924340,342461,-1417874
test2/64.txt,1,64,75,74.0444,False,True,959.065,10006,6,62285,835412,396772,-1211767
test2/64.txt,1,64,76,75.045,False,True,960.527,10006,6,56669,822861,405520,-1183533
test2/64.txt,1,64,77,76.04560000000001,True,True,952.578,10006,6,82765,906980,349456,-1381739
test2/64.txt,1,64,78,77.04620000000001,True,True,952.897,10006,6,82249,903410,352633,-1371938
test2/64.txt,1,64,79,78.04680000000002,True,True,960.777,10006,6,55449,818017,405557,-1175028
test2/64.txt,1,64,80,79.04740000000002,True,True,958.448,10006,6,62740,840052,391450,-1225914
test2/64.txt,1,64,81,80.04800000000003,True,True,951.434,10006,6,88733,920610,340570,-1411917
test2/64.txt,1,64,82,81.04860000000004,True,True,955.111,10006,6,74477,879353,370600,-1313629
test2/64.txt,1,64,83,82.04920000000004,True,True,961.61,10006,6,53330,809465,409972,-1155628
test2/64.txt,1,64,84,83.04980000000005,True,True,955.748,10006,6,71677,866993,372868,-1289441
test2/64.txt,1,64,85,84.05040000000005,True,True,951.358,10006,6,89352,924809,341092,-1419174
test2/64.txt,1,64,86,85.05100000000006,True,True,957.785,10006,6,64994,847625,387641,-1242615
test2/64.txt,1,64,87,86.05160000000006,True,True,961.228,10006,6,54325,812045,407377,-1162388
test2/64.txt,1,64,88,87.05220000000007,True,True,953.464,10006,6,80554,899165,358345,-1359431
test2/64.txt,1,64,89,88.05280000000008,True,True,952.375,10006,6,84706,908533,348244,-1384116
test2/64.txt,1,64,90,89.05340000000008,True,True,960.079,10006,6,57962,823808,401389,-1188265
test2/64.txt,1,64,91,90.05400000000009,True,True,959.455,10006,6,60373,832400,399109,-1205318
test2/64.txt,1,64,92,91.0546000000001,True,True,951.839,10006,6,86866,912514,342945,-1395217
test2/64.txt,1,64,93,92.0552000000001,True,True,954.151,10006,6,78129,891565,363956,-1341045
test2/64.txt,1,64,94,93.0558000000001,True,True,961.733,10006,6,53316,813008,413033,-1159667
test2/64.txt,1,64,95,94.05640000000011,True,True,956.948,10006,6,67538,855018,381465,-1261033
test2/64.txt,1,64,96,95.05700000000012,True,True,951.355,10006,6,89028,923605,340457,-1417725
test2/64.txt,1,64,97,96.05760000000012,True,True,956.583,10006,6,69640,859456,379745,-1269527
test2/64.txt,1,64,98,97.05820000000013,True,True,961.967,10006,6,54090,806148,412805,-1145401
test2/64.txt,1,64,99,98.05880000000013,True,True,954.465,10006,6,77265,881633,364293,-1321708
test2/64.txt,1,64,100,99.05940000000014,True,True,951.726,10006,6,87509,920992,344305,-1410170
test2/64.txt,1,64,101,100.06000000000014,True,True,959.04,10006,6,61588,829589,393565,-1204025
test2/64.txt,1,64,102,101.06060000000015,True,True,960.604,10006,6,56692,819505,404896,-1177422
test2/64.txt,1,64,103,102.06120000000016,True,True,952.634,10006,6,84202,907493,351410,-1379374
test2/64.txt,1,64,104,103.06180000000016,True,True,953.247,10006,6,82381,898888,356330,-1359065
test2/64.txt,1,64,105,104.06240000000017,True,True,961.182,10006,6,55450,816290,409426,-1167704
test2/64.txt,1,64,106,105.06300000000017,True,True,958.212,10006,6,64081,843925,390928,-1232841
test2/64.txt,1,64,107,106.06360000000018,True,True,951.466,10006,6,88245,919476,340372,-1410335
test2/64.txt,1,64,108,107.06420000000018,True,True,955.353,10006,6,73306,874189,371258,-1303814
test2/64.txt,1,64,109,108.06480000000019,True,True,961.91,10006,6,52884,808978,412893,-1152179
test2/64.txt,1,64,110,109.0654000000002,True,True,955.434,10006,6,72133,868573,369522,-1295491
test2/64.txt,1,64,111,110.0660000000002,True,True,951.421,10006,6,88461,924260,341284,-1418775
test2/64.txt,1,64,112,111.06660000000021,True,True,958.078,10006,6,65250,845813,390725,-1235651
test2/64.txt,1,64,113,112.06720000000021,True,True,961.146,10006,6,54410,811681,406313,-1162639
test2/64.txt,1,64,114,113.06780000000022,True,True,953.431,10006,6,81800,902509,359825,-1363393
test2/64.txt,1,64,115,114.06840000000022,True,True,952.424,10006,6,84181,909730,349000,-1386279
test2/64.txt,1,64,116,115.06900000000023,True,True,960.304,10006,6,57410,822280,403049,-1184101
test2/64.txt,1,64,117,116.06960000000024,True,True,959.168,10006,6,61178,834698,397098,-1211120
test2/64.txt,1,64,118,117.07020000000024,True,True,951.79,10006,6,86381,919300,343969,-1408250
test2/64.txt,1,64,119,118.07080000000025,True,True,954.392,10006,6,77256,880945,363025,-1321609
test2/64.txt,1,64,120,119.07140000000025,True,True,961.519,10006,6,53833,813917,411300,-1162701
test2/64.txt,1,64,121,120.07200000000026,True,True,956.711,10006,6,68265,857809,379933,-1267420
test2/64.txt,1,64,122,121.07260000000026,True,True,951.321,10006,6,89141,924241,340210,-1419131
test2/64.txt,1,64,123,122.07320000000027,True,True,956.686,10006,6,69386,859625,381005,-1268859
test2/64.txt,1,64,124,123.07380000000028,True,True,961.723,10006,6,53300,809569,411280,-1154558
test2/64.txt,1,64,125,124.07440000000028,True,True,954.36,10006,6,75881,883537,362609,-1328584
test2/64.txt,1,64,126,125.07500000000029,True,True,951.789,10006,6,87250,918032,344161,-1404653
